config	instance	seed	result	time_s	conflicts	propagations	decisions	timeout	verified
solver12-full3600	00d5a43a481477fa4d56a2ce152a6cfb-st_890_86_9_572.normalised	0	TIMEOUT	3600.093	NA	NA	NA	3600	skip
solver12-full3600	00fd8ac9acd186a7a78a2c4d92f90de1-2.normalised	0	SATISFIABLE	84.933	209	98679332	2063102	3600	ok
solver12-full3600	0205e2dffaef93a90c239df31755f2e1-bp4_CSO_AM_IXA_LP.normalised	0	UNSATISFIABLE	310.710	839606	873674724	1603474	3600	ok
solver12-full3600	032941f5f28c9ac53fa1c80d35f3206f-GP_216_290_40	0	SATISFIABLE	62.129	0	385936	0	3600	ok
solver12-full3600	03e852aa864cfe6eb49c264b462b8157-gm24sparrc	0	UNSATISFIABLE	2.074	62	397621	45130	3600	ok
solver12-full3600	04648cef5bed430ab6429991fa9e107d-ramsey_3_6_19.normalised	0	TIMEOUT	3600.066	NA	NA	NA	3600	skip
solver12-full3600	04f43bb4a4f2c193a18e7195a4fd8e41-goldcrest-and-11	0	UNSATISFIABLE	2744.419	439659	3483711546	2761699	3600	ok
solver12-full3600	053e06424279f5cfec8bb14dfa9af23c-oisc-subrv-and-nested-15	0	TIMEOUT	3601.022	NA	NA	NA	3600	skip
solver12-full3600	062f58e44eb73f9274b57af5092cad90-rook-51-0-0	0	TIMEOUT	3600.104	NA	NA	NA	3600	skip
solver12-full3600	06d2ca2ee0b47f00d93090495f7fd4f4-clqcl_100_6_5.normalised	0	UNSATISFIABLE	1.943	0	0	0	3600	ok
solver12-full3600	07cea7a64248a60d509368d09d3057c2-pj2013_k9	0	UNSATISFIABLE	23.515	9211	13435693	1364922	3600	ok
solver12-full3600	081f111af59344b61346367a930e24f6-Break_triple_04_06.xml	0	SATISFIABLE	0.041	29	1123	55	3600	ok
solver12-full3600	0876c518e5653369e20fb1ee0bb8db40-mp1-klieber2017s-0500-023-t12	0	SATISFIABLE	85.535	271381	240773945	322356	3600	ok
solver12-full3600	08d56c03e6561f6b9bec2e3f344ea3de-cliquecoloring_n26_k7_c6	0	UNSATISFIABLE	0.102	0	0	0	3600	ok
solver12-full3600	09befe1ffd4e02a988cadecd0a012261-GP_300_140_20	0	SATISFIABLE	40.150	0	179982	0	3600	ok
solver12-full3600	09cd83e233380d0ba1fc56cee88367b1-s38417	0	UNSATISFIABLE	1.819	31056	5341479	864987	3600	ok
solver12-full3600	0a4880c0e882e6a4a31943522573c394-b19_1	0	TIMEOUT	3600.121	NA	NA	NA	3600	skip
solver12-full3600	0a8a4c28d27228e954354ea0a6e7f16c-sum_of_three_cubes_42_known_representation	0	SATISFIABLE	765.031	313317	1545104052	2037908	3600	ok
solver12-full3600	0aa22564d00e9716519918d84b25c4a7-sudoku-N30-12	0	UNSATISFIABLE	1109.768	612825	2236490499	4240017	3600	ok
solver12-full3600	0ae917c2e0c1d39cbe411c29b2f5ff08-dislog_a14_x14_n24	0	TIMEOUT	3600.050	NA	NA	NA	3600	skip
solver12-full3600	0c0430a68f147be18ab3fded07f30fdb-oddball_53_5_tto_zp.normalised	0	SATISFIABLE	505.507	233615	59859913	1003263	3600	ok
solver12-full3600	0c9bcbc815cf0f109b7aeef3fbffc42d-par32-2.shuffled-as.sat03-1534	0	TIMEOUT	3600.089	NA	NA	NA	3600	skip
solver12-full3600	0ccb0f855352783a972be45188bf3164-SCPC-500-12	0	UNSATISFIABLE	184.012	727239	43987807	1277673	3600	ok
solver12-full3600	0d8779c22e2caa8d676723701e5a0347-pj2016_k100	0	UNKNOWN_rc-6	53.357	NA	NA	NA	3600	skip
solver12-full3600	0dd928240a9559ab7e50d088e3f168ac-pj2002_k500	0	TIMEOUT	3600.749	NA	NA	NA	3600	skip
solver12-full3600	0e1d562093d5f4fc9013cf4a14a03f70-Break_12_50.xml	0	SATISFIABLE	9.388	71135	14016695	171827	3600	ok
solver12-full3600	0e36fa2e12f32cde67937803299fb57b-6s268r_Iter94	0	UNSATISFIABLE	15.285	13682	14304831	177516	3600	ok
solver12-full3600	0ec8c5e9084cbc8a326f8f37e1abf741-oddball_54_5_tto_zp.normalised	0	SATISFIABLE	331.825	33981	18140188	296167	3600	ok
solver12-full3600	0ed8c06438673f179985a79b9d6a9fe4-cfi-rigid-s2-0064-04-or_2_shuffle_all	0	TIMEOUT	3600.346	NA	NA	NA	3600	skip
solver12-full3600	0f269188707a1b2f309dd1c70bfe22b0-bp4_BC012_CSO_AM_IXA.normalised	0	UNSATISFIABLE	860.548	2551921	2725317179	4506475	3600	ok
solver12-full3600	110f8eb8b9b80204fe955ea0973bbb00-clqcl_30_7_6.normalised	0	UNSATISFIABLE	0.132	0	0	0	3600	ok
solver12-full3600	113e692e379518bc3277855277dcc1b8-oisc-subrv-sll-nested-8	0	TIMEOUT	3600.332	NA	NA	NA	3600	skip
solver12-full3600	115fa7f61704bc12b2373aa471bc434f-Circuit_multiplier24	0	TIMEOUT	3600.044	NA	NA	NA	3600	skip
solver12-full3600	12820b981e6b199a1b1a8c896386a337-RoundRobin_n16_d14	0	UNSATISFIABLE	380.901	6061600	186092724	9196607	3600	ok
solver12-full3600	1576e239e1c17939f24688a12fb10fae-6s299b685_Iter22	0	SATISFIABLE	5.947	407	969075	126289	3600	ok
solver12-full3600	16564a6acba6b9fc887c447d4e507767-ER_400_20_7.apx_2_DS-ST	0	SATISFIABLE	1291.256	7156175	731806340	12941381	3600	ok
solver12-full3600	16c999d046885c8e51f196e60c34d966-aaai10-planning-ipc5-pathways-17-step20	0	UNSATISFIABLE	507.178	981717	1142946604	2568419	3600	ok
solver12-full3600	16ff47a05b769ed6a04c7175cfc6da55-sqrt-mitern170	0	UNSATISFIABLE	1137.579	4038672	1131026860	5445060	3600	ok
solver12-full3600	1753a71fefceb0250a75e67b610050a0-GP_190_225_30	0	SATISFIABLE	46.663	0	293006	0	3600	ok
solver12-full3600	1890f49a43a94b97828528b68c32b78e-homer11.shuffled	0	UNSATISFIABLE	893.799	20868804	361936620	25149836	3600	ok
solver12-full3600	18d4124324b56e434118f9ef72198d84-spg_300_300	0	UNSATISFIABLE	25.345	139233	40608814	1304839	3600	ok
solver12-full3600	19951d43eff5fc4ef6fd07d7a5324fa0-oddball_80_5_tto_zp.normalised	0	SATISFIABLE	266.504	191427	73098781	1310048	3600	ok
solver12-full3600	1a92907cdec0528583a8f49a818b406d-BubbleVsPancakeSort_8_4	0	TIMEOUT	3600.099	NA	NA	NA	3600	skip
solver12-full3600	1a936d41e3439d602c3ddcf96458a38c-arles_thres10_p10_r8185	0	UNSATISFIABLE	0.051	0	403	0	3600	ok
solver12-full3600	1a9512580b2d946ebd41de4e8c08c42d-linked_list_swap_contents_safety_unwind50	0	UNSATISFIABLE	129.068	6004	228093485	978258	3600	ok
solver12-full3600	1b3c7ac17705be94daaddb5f5ae4816b-rook-56-0-0	0	TIMEOUT	3600.091	NA	NA	NA	3600	skip
solver12-full3600	1b84df53843ecd90ec8c3c7a01cada6c-ramsey_4_4_18.normalised	0	TIMEOUT	3600.153	NA	NA	NA	3600	skip
solver12-full3600	1b8806812861df2b7e91dc316ad1ef80-oddball_52_5_tto_zp.normalised	0	SATISFIABLE	571.888	330565	120322071	1851919	3600	ok
solver12-full3600	1b9f94befb5bc867c0e882f49973f793-bp4_BC012_AM_FPBEQ_ZR.normalised	0	TIMEOUT	3600.083	NA	NA	NA	3600	skip
solver12-full3600	1c21a43aa1ad437e4a7e4eb5b9cd45a1-9.normalised	0	SATISFIABLE	215.065	509	504924172	7759382	3600	ok
solver12-full3600	1c30806c5aa9cd54bf823c20fa078243-oddball_26_5_ttf.normalised	0	UNSATISFIABLE	543.012	4285397	545051559	7246003	3600	ok
solver12-full3600	1d18837c0ced5c18a3a4693993e61728-SC25_Timetable_C_392_E_45_Cl_25_D_7_T_50.normalised	0	SATISFIABLE	6.457	5921	11783156	3369223	3600	ok
solver12-full3600	1d90be3e37a42432d281cf6c1b8eae4b-multiplier_16bits__miter_22	0	TIMEOUT	3600.084	NA	NA	NA	3600	skip
solver12-full3600	1e0d58c7e52319b3b17e343ec7ca6de5-QG7-gensys-icl006.sat05-3132.reshuffled-07	0	UNSATISFIABLE	927.701	1878458	131764670	2370303	3600	ok
solver12-full3600	1e87463fee15de63143796fd92d88a58-crusti_g2io_175_0.2_511_32.normalised	0	SATISFIABLE	55.815	10257	4471502	267654	3600	ok
solver12-full3600	207ebdf62e5ce54c8b4ddeeb17843a56-hhyp_cec_multi_2	0	TIMEOUT	3600.119	NA	NA	NA	3600	skip
solver12-full3600	21415e807689ea75536e846a24623de1-clqcl_50_6_5.normalised	0	UNSATISFIABLE	0.301	0	0	0	3600	ok
solver12-full3600	21b173943af57eefaac5e88bfa2662ad-shuffling-1-s1769330284-of-bench-sat04-422.used-as.sat04-561	0	TIMEOUT	3600.068	NA	NA	NA	3600	skip
solver12-full3600	2241a1fb5bdbac0c1a3c1980ed8b332d-crusti_g2io_225_0.1_31_25.normalised	0	SATISFIABLE	56.159	199200	64050827	460045	3600	ok
solver12-full3600	22c8d6aa86d51e15ef5ab37479eda22b-xor_op_n40_d3	0	UNSATISFIABLE	2.127	0	0	0	3600	ok
solver12-full3600	22df1827e3253fc824cc7ce806d75e0a-x9-10070.sat.sanitized	0	SATISFIABLE	27.563	262506	27847637	332562	3600	ok
solver12-full3600	24075575c3dbd9e9eae948dd2241b029-UR-15-10p0	0	UNSATISFIABLE	901.594	386615	1994343637	3092257	3600	ok
solver12-full3600	2412325e3c099453b99c87864477363c-arles_thres20_p10_r7340	0	UNSATISFIABLE	0.054	0	1529	0	3600	ok
solver12-full3600	24bde22f729a988fb2394b644cb60d39-SC25_Timetable_C_481_E_49_Cl_32_D_7_T_58.normalised	0	SATISFIABLE	21.075	53589	49700866	8858658	3600	ok
solver12-full3600	25390e9d1fa1926485db7eb2d5a20ea8-ITC2021_Late_10.xml	0	TIMEOUT	3600.129	NA	NA	NA	3600	skip
solver12-full3600	27570c6780aaade3dc771c6a12534fb8-reconf10_22_queen20_3_8667	0	TIMEOUT	3600.103	NA	NA	NA	3600	skip
solver12-full3600	27cb3a6ca772613c5998d7f78a55ba45-bp4_AM_IXA_FPBLE.normalised	0	UNSATISFIABLE	1226.924	3470419	2897186140	6018843	3600	ok
solver12-full3600	28eeb2beac7005a9afa98e4d3aaca621-oski15a01b40s_opt	0	UNSATISFIABLE	1161.083	2512436	1573058224	129195440	3600	ok
solver12-full3600	2925ee90763e08b2f7e79c7c713c86b9-at-least-two-ibm-2004-23-k100	0	SATISFIABLE	268.691	762991	315933513	3038782	3600	ok
solver12-full3600	292bedf65cee7cc38fe8b2725eb50868-cliquecoloring_n32_k5_c4	0	UNSATISFIABLE	0.131	0	0	0	3600	ok
solver12-full3600	296fd43ed40e242875984420f29be73f-oddball_24_5_ttf.normalised	0	UNSATISFIABLE	326.583	1629129	197064574	2387962	3600	ok
solver12-full3600	29b573e0f7b922c4bd0a675db005265f-b18	0	TIMEOUT	3600.096	NA	NA	NA	3600	skip
solver12-full3600	29b7d5a498eff7a98fcd03a273eaeba3-Kakuro-easy-132-ext.xml.hg_8	0	SATISFIABLE	271.280	185060	184725236	1495027	3600	ok
solver12-full3600	2b4467a5ac4ac41b36d4c3432b07f767-oddball_69_5_tto_zp.normalised	0	TIMEOUT	3600.531	NA	NA	NA	3600	skip
solver12-full3600	2bdfcf23ac1829912a408402a540972a-1-ET-256-K-65.sanitized	0	UNSATISFIABLE	840.823	2316207	1076136845	5297575	3600	ok
solver12-full3600	2c8eb0402be32cf281e23f00d5a16259-oski15a01b45s_opt	0	UNSATISFIABLE	1847.536	2756511	1847119107	144760498	3600	ok
solver12-full3600	2d0c041c0fe72dc32527bfbf34f63e61-170223547	0	SATISFIABLE	566.885	7387422	385759371	9480159	3600	ok
solver12-full3600	2de9b79919882078aea76f297fc923e5-case11.normalised	0	SATISFIABLE	150.331	838173	82958175	1289792	3600	ok
solver12-full3600	2e058841373f34cc47d8dec927fd1796-blocks-blocks-36-0.150-NOTKNOWN	0	SATISFIABLE	101.102	35826	347836251	1056005	3600	ok
solver12-full3600	30f64b3b0870ce5d22d4217782224dfe-lockchart-group1-L200-K289-p8d4j1.normalised	0	TIMEOUT	3600.224	NA	NA	NA	3600	skip
solver12-full3600	3197b65ef50328394a0c9e73281d7122-b20_1	0	UNSATISFIABLE	236.095	2437038	370730002	13263485	3600	ok
solver12-full3600	31e843c53a76ff3961935ad55b953298-sqrt-mitern171	0	UNSATISFIABLE	453.244	1978271	492364894	2630507	3600	ok
solver12-full3600	321732c1a401ff109b2f2b447e3dbe5e-16_16_booth_wallace_mapped_and_default_origin_bit28	0	TIMEOUT	3600.076	NA	NA	NA	3600	skip
solver12-full3600	334aa882de28856fc8c75885285d2a3c-HCP-446-105	0	TIMEOUT	3600.077	NA	NA	NA	3600	skip
solver12-full3600	35748015c5f16c9ee7e4d1894af497a0-oski15a01b39s_opt	0	UNSATISFIABLE	1652.038	2917105	1693534105	117154221	3600	ok
solver12-full3600	35b9091b90bd28a492c9556d6fc4348d-bp4_TCO_CSO_ZR.normalised	0	TIMEOUT	3600.097	NA	NA	NA	3600	skip
solver12-full3600	35ec95b9b2398fb522db178855016ae0-MVRoundRobin_n14_d10_v2	0	TIMEOUT	3600.156	NA	NA	NA	3600	skip
solver12-full3600	3619135ee5865be0a107449fb31defd9-arles_thres20_p10_r7475	0	UNSATISFIABLE	0.055	0	1529	0	3600	ok
solver12-full3600	362d153b4162127bc42796180110f483-Carry_Bits_Fast_19.cnf	0	SATISFIABLE	0.785	6733	2653733	15276	3600	ok
solver12-full3600	36ba44cf208034e2c8e84a1971b9bfd4-connm-ue-csp-sat-n1200-d-0.02-s405595518.shuffled-as.sat05-531	0	TIMEOUT	3600.077	NA	NA	NA	3600	skip
solver12-full3600	3746303c659ef65aaa78f3b52cd5de49-6s299b685_Iter30	0	SATISFIABLE	231.186	10887	25683295	574464	3600	ok
solver12-full3600	389bb0a8f3568f4bd0e71771df9093c5-BubbleVsPancakeSort_7_6	0	TIMEOUT	3600.090	NA	NA	NA	3600	skip
solver12-full3600	395829127ec213c2e69a6a13dda3623b-lockchart-group2-rnd0.3-L19-K38-P8D4J1_1.normalised	0	TIMEOUT	3600.151	NA	NA	NA	3600	skip
solver12-full3600	3a1f1b4b9a521737cc760017fe9d8b43-MVRoundRobin_n16_d10_v3	0	UNSATISFIABLE	452.707	5828187	910355772	12266918	3600	ok
solver12-full3600	3b5d7ec347010e177bfa04b298fc75cf-nla-digbench-scaling_dijkstra-u_valuebound1_transition	0	UNSATISFIABLE	3.493	0	494	0	3600	ok
solver12-full3600	3bfa92996634d2ddc6c0568bba9a0f99-case6.normalised	0	SATISFIABLE	3519.693	23365518	2872044468	29050449	3600	ok
solver12-full3600	3c0db78733bb05b9d1e9d7627b2e8f38-rook-52-0-1	0	TIMEOUT	3600.104	NA	NA	NA	3600	skip
solver12-full3600	3c129545f090ef08b6ef89a2903ff83e-oski15a01b09s_opt	0	UNSATISFIABLE	1774.152	2632142	1767437180	133741641	3600	ok
solver12-full3600	3cda1cbfbcabfc71ece7961d4d6ad1bb-lockchart-group2-rnd0.3-L19-K38-P8D4J1_3	0	TIMEOUT	3600.068	NA	NA	NA	3600	skip
solver12-full3600	3ec81fcaac5a1da8a6ca4da0b9d8eb02-gm16spctrc	0	UNSATISFIABLE	29.297	13801	80608261	76476	3600	ok
solver12-full3600	3ef7fa06c6380f12cfe2970873da6fb1-grs-64-48	0	UNSATISFIABLE	498.788	2850273	1217925112	9211687	3600	ok
solver12-full3600	3f67f6767764855e516e5394be1145e5-gto_p60c238-sc2018	0	TIMEOUT	3600.146	NA	NA	NA	3600	skip
solver12-full3600	416e33a8463911546e4cd87d282a7e1e-case10	0	SATISFIABLE	434.974	3607690	436565955	4481404	3600	ok
solver12-full3600	418b8aa42088cb0b1d85014dfa285b25-16_16_booth_wallace_origin_and_and_dadda_mapped_bit28	0	TIMEOUT	3600.081	NA	NA	NA	3600	skip
solver12-full3600	41915707d831e1365389d3cc47c7953f-oddball_51_5_tto_zp.normalised	0	SATISFIABLE	338.846	90423	38404570	629792	3600	ok
solver12-full3600	41d14756a06872844577fc0abddb58aa-tseitin_d3_n100000	0	UNKNOWN_rc-6	1711.380	NA	NA	NA	3600	skip
solver12-full3600	41f507717c7c4553d23cd0cd1fc40104-1-ET-512-K-120.sanitized	0	TIMEOUT	3600.100	NA	NA	NA	3600	skip
solver12-full3600	42f1311ce504db8cc0cb590a568da20a-tseitin_n188_d3	0	UNSATISFIABLE	44.345	0	0	0	3600	ok
solver12-full3600	42fdd4f4c27fd03267afd82490cb59a4-GP_100_1000_10	0	SATISFIABLE	94.164	0	672868	0	3600	ok
solver12-full3600	43687a48fb119ca61b47c2fc69a71e7d-manthey_single-ordered-initialized-w42-b8	0	UNSATISFIABLE	430.019	1249274	665715346	2096513	3600	ok
solver12-full3600	43ebdada6f6153b50a140ba908d5bf44-oddball_67_5_tto_zp.normalised	0	TIMEOUT	3600.515	NA	NA	NA	3600	skip
solver12-full3600	43fbacb24ea30054dece1de179c4ca7e-ER_400_20_7.apx_1_DS-ST	0	TIMEOUT	3600.092	NA	NA	NA	3600	skip
solver12-full3600	45742d067cc851edc1201d8a02586eac-mchess_20	0	TIMEOUT	3600.268	NA	NA	NA	3600	skip
solver12-full3600	46355da785714f239393e7630020cae3-REGRandom-K4-L1-Seed40.sanitized	0	UNSATISFIABLE	25.986	2673	256536	129513	3600	ok
solver12-full3600	465795fa2641c616ce76de8501672a19-VanDerWaerden_pd_2-3-27_663	0	TIMEOUT	3600.088	NA	NA	NA	3600	skip
solver12-full3600	465c7f101b2d24de63f6a6f544faa9ee-crusti_g2io_175_0.2_511_10.normalised	0	SATISFIABLE	74.055	88578	31656120	632782	3600	ok
solver12-full3600	46a8727e27d848faafd83a990c2e01a7-case8.normalised	0	TIMEOUT	3600.098	NA	NA	NA	3600	skip
solver12-full3600	474e9594ec7885cb1bebf66073eb2de2-fsf-300-354-2-2-3-2.35.opt	0	TIMEOUT	3600.081	NA	NA	NA	3600	skip
solver12-full3600	4761df10c93b58dc5985ca8a43c959cf-arles_thres10_p10_r8188	0	UNSATISFIABLE	0.051	0	403	0	3600	ok
solver12-full3600	47f5872181a581dff34eb33123fe3242-b17	0	UNSATISFIABLE	219.534	814829	335002973	8171712	3600	ok
solver12-full3600	482295be38dc1d63a16f3cf649ef7ef6-myciel6-cn.used-as.sat04-319	0	TIMEOUT	3600.165	NA	NA	NA	3600	skip
solver12-full3600	4ba2c1aa580b6497df6baf5e7e2c87be-at-least-two-vmpc_28	0	TIMEOUT	3600.070	NA	NA	NA	3600	skip
solver12-full3600	4c037368864330bff3940837ac28ac14-lockchart-group2-rnd0.3-L18-K36-P8D4J1	0	SATISFIABLE	2995.096	5554206	4483179956	12724191	3600	ok
solver12-full3600	4c3001f8073986116d98084dde70da05-fsf-300-354-2-2-3-2.9.opt	0	TIMEOUT	3600.080	NA	NA	NA	3600	skip
solver12-full3600	4c7e09f077026b9ee3900bfed6825fbb-Ptn-7824-b19	0	SATISFIABLE	177.273	1089892	202230147	1541795	3600	ok
solver12-full3600	4cf3505e5183c26bbd97d89fdaa93f8c-oddball_26_4_ttf.normalised	0	TIMEOUT	3600.203	NA	NA	NA	3600	skip
solver12-full3600	4d6e18e506b7e62d3f32cc775219be24-GP_100_951_33	0	SATISFIABLE	89.906	0	674394	0	3600	ok
solver12-full3600	4e3195a382f5af213444736fcc8b364f-case1.normalised	0	SATISFIABLE	285.637	748395	608790837	1893401	3600	ok
solver12-full3600	4f4d22ce7643079412975a662e9363fd-xor_op_n38_d3	0	UNSATISFIABLE	1.777	0	0	0	3600	ok
solver12-full3600	50519e9e964f30dc34992f0348bd7005-arles_thres10_p10_r8142	0	UNSATISFIABLE	0.034	0	403	0	3600	ok
solver12-full3600	51482a5b06b055edfdca576d654ce191-bob12s09-opt	0	UNSATISFIABLE	199.970	840637	357201401	1624077	3600	ok
solver12-full3600	5246b7b99ba005af421d86299f7d26d0-b15	0	UNSATISFIABLE	5.942	74394	14416466	544161	3600	ok
solver12-full3600	526caead2f3c84c2918a2fc775dc3e97-ramsey_3_7_23.normalised	0	TIMEOUT	3600.086	NA	NA	NA	3600	skip
solver12-full3600	5314fd6ccb53b6f6af49a594ea68a273-oski15a01b15s_opt	0	UNSATISFIABLE	1969.067	3499240	2521228085	146016772	3600	ok
solver12-full3600	533017e0f42d8246c7ae140313a84161-baseballcover12with25_and5positions	0	TIMEOUT	3600.217	NA	NA	NA	3600	skip
solver12-full3600	539a1f4e4f7a95ab0ac55df50445cceb-multiplier_15bits__miter_23	0	TIMEOUT	3600.088	NA	NA	NA	3600	skip
solver12-full3600	53c21f3e78f060883026b5a12ba691d8-maximum_constrained_partition_14_bits_n200	0	SATISFIABLE	219.648	955687	282269742	2823885	3600	ok
solver12-full3600	53e347648553a2f2223614d3b4a07a4b-RoundRobin_n17_d15	0	TIMEOUT	3600.197	NA	NA	NA	3600	skip
solver12-full3600	546f8e069aa450002a30c9c47538fe95-intel047_Iter78	0	SATISFIABLE	70.555	509391	118690532	3119494	3600	ok
solver12-full3600	54d496c14fd2461642ef6be5341b297b-hwmcc17miters-xits-iso-6s163.sanitized	0	UNSATISFIABLE	2.556	0	781	0	3600	ok
solver12-full3600	557d7d4db5399188f62bc39598c6d868-mp1-Nb7T46	0	SATISFIABLE	35.008	336333	88896706	1951762	3600	ok
solver12-full3600	56913ff910c49dd5010653720970d944-grs-32-64	0	UNSATISFIABLE	842.758	5118978	1870603478	16761470	3600	ok
solver12-full3600	57b478982ee9aba245ba792452b18fe3-VanDerWaerden_pd_2-3-22_462	0	SATISFIABLE	1391.379	5843508	170179929	7674697	3600	ok
solver12-full3600	5831f35622f3e6c666f0cee6cac60e4c-s38584	0	UNSATISFIABLE	2.361	22388	4599666	1001046	3600	ok
solver12-full3600	5911653e4edadec391654c8f06353f9a-oski15a01b06s_opt	0	UNSATISFIABLE	1996.525	2651639	1772040768	151167033	3600	ok
solver12-full3600	59825ed96dc3bbdbd8789a4870b323ec-hcp_CP18_18	0	SATISFIABLE	2459.507	4765035	11759397793	42003071	3600	ok
solver12-full3600	59fc779feee4390b57502814d424e0d6-jgiraldezlevy.2200.9086.08.40.149-sr2015	0	SATISFIABLE	571.198	2500310	547122311	4468527	3600	ok
solver12-full3600	5aed29ce52192a55ffbd2a6f340017e7-oisc-subrv-and-nested-12	0	TIMEOUT	3600.720	NA	NA	NA	3600	skip
solver12-full3600	5c24cfeff639fefdead9a5641f65fa22-c7552	0	UNSATISFIABLE	0.665	24932	1167927	73491	3600	ok
solver12-full3600	5c29ccca91235475f762f4b106f804f2-SGI_30_60_20_50_3-dir.shuffled-as.sat03-114	0	TIMEOUT	3600.126	NA	NA	NA	3600	skip
solver12-full3600	5c47810953b22baa5f6f45585430fc77-oski15a01b20s_opt	0	UNSATISFIABLE	1613.081	2663684	1626565648	129304362	3600	ok
solver12-full3600	5c8f4e54e195d46053b04e232a5661c4-case7.normalised	0	SATISFIABLE	16.766	155717	18873074	201469	3600	ok
solver12-full3600	5ceb95f5960efe1f23c3014847dea118-pj2009_k80	0	SATISFIABLE	195.251	49070	59925902	5256326	3600	ok
solver12-full3600	5d62e4d7ab116c477c8d4f5bd36907de-lockchart-group2-rnd0.3-L19-K38-P8D4J1_2	0	TIMEOUT	3600.077	NA	NA	NA	3600	skip
solver12-full3600	5d7bc1fb0f3269d88f732d3fb81abe59-16_16_booth_wallace_origin_and_default_mapped_bit29	0	TIMEOUT	3600.086	NA	NA	NA	3600	skip
solver12-full3600	5dbe7b31f9b8d8e56045493439adb949-bp4_CSO_IXA_ZR.normalised	0	SATISFIABLE	186.595	344039	197727233	675261	3600	ok
solver12-full3600	5e933a625099cc1ec6a8299a7848a2ae-Kakuro-easy-112-ext.xml.hg_7	0	SATISFIABLE	97.748	52656	51596690	530936	3600	ok
solver12-full3600	5ff5e9d5aab95667d3d2bd50e1e6792a-b21	0	UNSATISFIABLE	472.643	3727364	686831057	18656267	3600	ok
solver12-full3600	602c8a200227ab9d64d855164d35b5cf-Break_12_30.xml	0	SATISFIABLE	46.583	289490	87627939	987125	3600	ok
solver12-full3600	60e39615d3af069932865a28b1bf6330-16_16_booth_dadda_mapped_and_and_wallace_mapped_bit28	0	TIMEOUT	3600.075	NA	NA	NA	3600	skip
solver12-full3600	6147e666b75f603a4c4490d21ab654cd-hid-uns-enc-6-1-0-0-0-0-14492	0	UNSATISFIABLE	1015.685	10754904	1556204344	24018913	3600	ok
solver12-full3600	619e9e0d70c78c97b0516afedf086fee-20.normalised	0	SATISFIABLE	43.706	0	706556	0	3600	ok
solver12-full3600	6415a71364351c0a521fdee510bc2589-18.normalised	0	SATISFIABLE	100.112	0	1790936	0	3600	ok
solver12-full3600	64cb3656e0c03b3db7033ee9b987f280-em_8_4_5_cmp	0	SATISFIABLE	686.684	2593759	418792191	8394731	3600	ok
solver12-full3600	65f7145996bbec02b90bd0fa64a20502-test_v7_r12_vr10_c1_s18160.smt2-stp212	0	TIMEOUT	3600.118	NA	NA	NA	3600	skip
solver12-full3600	663bb5659e42c2c75f74354f48895302-SCPC-500-13	0	UNSATISFIABLE	38.436	203409	12873459	349886	3600	ok
solver12-full3600	674affb219c049cdbff1b65a6b7bedcc-crusti_g2io_250_0.2_255_18.normalised	0	SATISFIABLE	179.794	268985	99125581	1610703	3600	ok
solver12-full3600	67aa1a256f92020dccdf66b235de3986-jkkk-one-one-10-34-sat	0	SATISFIABLE	342.323	797205	354268988	1537349	3600	ok
solver12-full3600	6832fe907740af686fde98518067ea3f-velev-pipe-sat-1.0-b7	0	SATISFIABLE	568.221	782238	1070098943	4808997	3600	ok
solver12-full3600	68e33d998466bbdd4bfb7249a5790e4f-arles_thres10_p10_r8180	0	UNSATISFIABLE	0.052	0	403	0	3600	ok
solver12-full3600	695d8f6a2ee6e89e5a4f5d94abc3aca6-x9-07092.sat.sanitized	0	SATISFIABLE	3.289	38329	3086297	47202	3600	ok
solver12-full3600	69ad7473757d30d55fabab7882268483-BubbleVsPancakeSort_9_4	0	TIMEOUT	3600.090	NA	NA	NA	3600	skip
solver12-full3600	69ed23c545d2a48f735f2187d919a5dd-crusti_g2io_250_0.2_255_31.normalised	0	SATISFIABLE	256.635	359909	182064966	1438432	3600	ok
solver12-full3600	69f6dd335626a9b71bfc6f2332f52b9d-Break_04_04.xml	0	SATISFIABLE	0.039	71	4742	105	3600	ok
solver12-full3600	6cb995b1c550beb579c53e27f6ca881a-RoundRobin_n16_d13	0	UNSATISFIABLE	80.953	1075924	32167537	1567993	3600	ok
solver12-full3600	6cd9571bc71cc0c3fb08aeafb9ca37e4-sted1_0x24204-330	0	SATISFIABLE	893.820	1528875	673666786	2861087	3600	ok
solver12-full3600	6d35bab4302bc221fa2c9234547b848b-contest04-lksat-n1100-m7545-k4-l4-s310659001.sat05-524.reshuffled-07	0	TIMEOUT	3600.106	NA	NA	NA	3600	skip
solver12-full3600	6e139783cfbcfeec85b49750ad11a615-x9-06068.sat.sanitized	0	SATISFIABLE	1.572	22862	1664982	29165	3600	ok
solver12-full3600	6ebe901234af9615bb85b688a26ef2c4-17.normalised	0	UNKNOWN	123.775	0	0	0	3600	skip
solver12-full3600	6ef090a10c10352090100af7b6654c31-summle_X8638_steps7_I1-2-2-4-4-8-25-100	0	SATISFIABLE	29.540	107214	112149056	763253	3600	ok
solver12-full3600	6f354fbea13b25a49f3edc1cd10c48d5-bp4_CSO_LP_FPBLE_ZR_YS.normalised	0	UNSATISFIABLE	938.111	1785510	1233971937	2519946	3600	ok
solver12-full3600	6f40bd5ac85e2a53b392d8f0369e7f1f-harder-fphp-016-015.sat05-1230.reshuffled-07	0	TIMEOUT	3600.203	NA	NA	NA	3600	skip
solver12-full3600	6f6a20cd654701b5e7fe9e9e0e5e7787-RoundRobin_n18_d15	0	TIMEOUT	3600.220	NA	NA	NA	3600	skip
solver12-full3600	6f730dd121471749dc0b4baca2573bf7-case13.normalised	0	SATISFIABLE	344.162	884710	797443256	1383351	3600	ok
solver12-full3600	6fab31665147f538da92dc16c3a239ad-stb_664_50.apx_2_DC-ST	0	TIMEOUT	3600.060	NA	NA	NA	3600	skip
solver12-full3600	6ff70a3aaf261b35b0b072f454a756be-crafted_n10_d6_c4_num9	0	UNSATISFIABLE	1850.465	870550	1706097102	3136715	3600	ok
solver12-full3600	70da0b784f49350e05c0ff8434acdc15-x-epic_a19-p15_transition	0	UNSATISFIABLE	1.694	0	12363	0	3600	ok
solver12-full3600	72a033a7a86f1b89b1bdd8e28a97ecdf-frb80-14-1.used-as.sat04-879	0	SATISFIABLE	3325.194	10641940	1582324389	15439941	3600	ok
solver12-full3600	72cec28d6e34efe366150066b71edc33-bp4_LPI_FPBEQ_ZR.normalised	0	TIMEOUT	3600.090	NA	NA	NA	3600	skip
solver12-full3600	753757e87d34bd1075c413d801bf99b8-16.normalised	0	SATISFIABLE	84.867	0	1655366	0	3600	ok
solver12-full3600	753ca299a6ab46e28ece1aefa38f4947-oski15a01b01s_opt	0	UNSATISFIABLE	1762.377	2772271	1665745562	125649714	3600	ok
solver12-full3600	75cc1f02ed4b8c06553ef579b163e1be-SCPC-500-14	0	UNSATISFIABLE	118.933	503686	31408016	911408	3600	ok
solver12-full3600	76bef98aafe7e718e98761f058c7dc1d-bp4_CB_CSO_LP_FPBEQ_FPBLE.normalised	0	UNSATISFIABLE	1655.651	2282805	1756348972	4790676	3600	ok
solver12-full3600	77a0d54f2fb3740a9a321623c0c10f3e-tseitin_grid_n12_m12	0	UNSATISFIABLE	0.037	0	0	0	3600	ok
solver12-full3600	77bfac6b280653e63013f77d0991484e-case19.normalised	0	SATISFIABLE	69.568	105	638144	5603	3600	ok
solver12-full3600	77e655b23c0a50d911c0384ef8fe266d-SC25_Timetable_C_495_E_43_Cl_35_D_7_T_58.normalised	0	TIMEOUT	3600.364	NA	NA	NA	3600	skip
solver12-full3600	780b0c9b5aed38a127f61c6aae7287aa-rbsat-v1375c111739gyes10	0	SATISFIABLE	1819.390	6257890	1132335021	10619316	3600	ok
solver12-full3600	78e8f5b0d59512cc4910fd63b4acb7fa-RoundRobin_n17_d14	0	UNSATISFIABLE	246.057	3367758	107169845	4999458	3600	ok
solver12-full3600	7a044c997ede14d00002f1db39d45170-sum_of_3_cubes_37_bits_87	0	SATISFIABLE	858.492	894247	1489424546	1279067	3600	ok
solver12-full3600	7a206b67366c3049f214f360ff943f62-oddball_56_5_tto_zp.normalised	0	SATISFIABLE	1427.576	643459	194713350	1803395	3600	ok
solver12-full3600	7a44efe7c2dbf88a61e7cb750f307937-Break_triple_12_20.xml	0	SATISFIABLE	27.716	189167	58403690	669691	3600	ok
solver12-full3600	7a5e9bdbf9b8c025b1f986d6098b6206-cfi-rigid-t2-0048-04-or_3_shuffle_all	0	SATISFIABLE	2560.468	465789	183032404	5172400	3600	ok
solver12-full3600	7bdf3e5401cc263951003b569bcd689c-bv_ILA_Piccolo_BEQ_sanity_transition	0	UNSATISFIABLE	993.649	9070595	1387167824	70034670	3600	ok
solver12-full3600	7cf696bae2c50af38414b61b8d92581a-GP_105_308_40	0	SATISFIABLE	31.213	0	121534	0	3600	ok
solver12-full3600	7e58b502cc9dbef5f76d5161fb9a09b2-mp1-Nb7T45	0	TIMEOUT	3600.155	NA	NA	NA	3600	skip
solver12-full3600	80d8c77f6cab179d469462221f3f624a-clqcl_30_11_10.normalised	0	TIMEOUT	3600.253	NA	NA	NA	3600	skip
solver12-full3600	818c585e5986431917605fca8d775034-g2-hwmcc15deep-oski15a10b10s-k20	0	TIMEOUT	3600.138	NA	NA	NA	3600	skip
solver12-full3600	822cf4daaa4e1d16ad53d088ff567f32-RoundRobin_n15_d13	0	UNSATISFIABLE	65.755	990089	28654288	1479073	3600	ok
solver12-full3600	82851650dea77d44864b3fd8ae387691-REGRandom-K3-L3-Seed30.sanitized	0	UNSATISFIABLE	10.506	1281	172906	107459	3600	ok
solver12-full3600	83aa254f7d17e1df7bee19322ac4752b-1.normalised	0	SATISFIABLE	95.344	259	140713582	2786027	3600	ok
solver12-full3600	84282cd481f7614f444951064c707030-simon-r20-1.sanitized	0	SATISFIABLE	0.093	0	352	0	3600	ok
solver12-full3600	847c8843ee292b9b31f0c346574af260-ramsey_4_4_19.normalised	0	TIMEOUT	3600.165	NA	NA	NA	3600	skip
solver12-full3600	847df6bb7bd0a8fcedb57e012cfe0014-valves-gates-1-k617-unsat.shuffled-as.sat03-412	0	UNSATISFIABLE	3399.565	1104785	3332875434	3508923	3600	checker-timeout
solver12-full3600	849950561ddce887c78fef773dccfa80-circuit_48in64out_with_800gates_4in4out_dist128_seed3.sanitized	0	SATISFIABLE	15.274	144041	14972805	270860	3600	ok
solver12-full3600	85ba26d796de9ad740ce5a6813488fbc-sted2_0x1e3-216	0	SATISFIABLE	314.997	1246166	320072054	2300021	3600	ok
solver12-full3600	86173292a2c6a506acf27a81db853bb5-ktf_TF-7.tf_3_0.06_113	0	SATISFIABLE	21.467	72602	90160129	240560	3600	ok
solver12-full3600	8707ef793f0443b5804c56c2ffca322e-clqcl_40_6_5.normalised	0	UNSATISFIABLE	0.195	0	0	0	3600	ok
solver12-full3600	8733dfd02c923d69720500c9ec8ce36a-reconf10_70_queen14_2	0	SATISFIABLE	337.110	193647	1423815718	1561096	3600	ok
solver12-full3600	873786afab7757a9f216da0724d91ecd-hwmcc17miters-xits-iso-6s299b685.sanitized	0	UNSATISFIABLE	10.536	0	29	0	3600	ok
solver12-full3600	87f093067622b91fa9dc0de149c8b92c-1-ET-512-K-102.sanitized	0	TIMEOUT	3600.085	NA	NA	NA	3600	skip
solver12-full3600	88849daabda2e712f659c6edbc142229-ncc_none_2_18_8_3_1_0_435991723	0	TIMEOUT	3600.261	NA	NA	NA	3600	skip
solver12-full3600	89002102bdb86946869a06dc1f604315-lockchart-group1-L210-K303-p8d4j1.normalised	0	SATISFIABLE	3387.137	541243	12323434358	25091617	3600	ok
solver12-full3600	8a05f9b6bf49285e40d0a197967ea5d3-arles_thres10_p10_r7466	0	UNSATISFIABLE	0.047	0	403	0	3600	ok
solver12-full3600	8a7977519abed3e4c005da7506349f52-GP_300_180_30	0	SATISFIABLE	50.606	0	263641	0	3600	ok
solver12-full3600	8af30680e9329ae30c2cdbece636c470-simon-r23-0.sanitized	0	SATISFIABLE	0.107	0	352	0	3600	ok
solver12-full3600	8b22396ef06770c7dfa7552a610fc911-PancakeVsSelectionSort_6_7	0	UNSATISFIABLE	429.787	2747330	518601231	4764430	3600	ok
solver12-full3600	8b267f95678c90b2179944de7233b090-ER_500_20_4.apx_1_DC-AD	0	TIMEOUT	3600.086	NA	NA	NA	3600	skip
solver12-full3600	8e1f70e59050693ef128bee0092a7f5f-PancakeVsSelectionSort_6_8	0	UNSATISFIABLE	663.435	3619884	818880761	6615556	3600	ok
solver12-full3600	8e62c5d47920ffe36052f86177403e70-SC25_Timetable_C_393_E_45_Cl_26_D_7_T_50.normalised	0	SATISFIABLE	16.575	48411	37405619	6656520	3600	ok
solver12-full3600	8e81131a0c4fbd01e90bb6e20d00c547-16_16_booth_dadda_origin_and_and_dadda_origin_bit28	0	TIMEOUT	3600.089	NA	NA	NA	3600	skip
solver12-full3600	8f391f2bf8167f1b96467f3479b33dc5-oddball_20_5_ttf.normalised	0	UNSATISFIABLE	76.785	405736	70960562	560222	3600	ok
solver12-full3600	901fa244999d250bc8d8cce19cabc114-SC25_Timetable_C_492_E_48_Cl_33_D_7_T_58.normalised	0	TIMEOUT	3600.209	NA	NA	NA	3600	skip
solver12-full3600	908433870bee8ba2c86f266d0b002fdb-MVRoundRobin_n20_d10_v2	0	UNSATISFIABLE	258.567	1148075	212428697	2319304	3600	ok
solver12-full3600	90bec6dcf2399d7c7f73acba44a8641e-Wallace_Bits_Fast_8.cnf	0	SATISFIABLE	248.031	641423	414249771	1047277	3600	ok
solver12-full3600	9118e76885506476cd50cef8b2ec5def-ramsey_3_6_18.normalised	0	TIMEOUT	3600.064	NA	NA	NA	3600	skip
solver12-full3600	918d9e7c2e197312517736421d728958-SCPC-500-1	0	UNSATISFIABLE	299.148	798924	48931334	1355531	3600	ok
solver12-full3600	91c429adc2dc8430461b6d87a9aef335-16_16_booth_wallace_mapped_and_and_wallace_origin_bit28	0	TIMEOUT	3600.075	NA	NA	NA	3600	skip
solver12-full3600	9277f5d1bc65276294617e672c4f2443-bp4_BC012_CSO_FPBEQ_FPBLE_ZR.normalised	0	TIMEOUT	3600.102	NA	NA	NA	3600	skip
solver12-full3600	931621d9964e9d0cd1c4001822015c92-DLTM_twitter845_79_19	0	SATISFIABLE	244.162	305828	546098543	584518	3600	ok
solver12-full3600	944b4eaecefa1d15c2d2a8ac0c2d1c31-b14	0	UNSATISFIABLE	67.540	644585	89111966	2572971	3600	ok
solver12-full3600	95931bb010dba306e24c79c120044ff9-SC25_Timetable_C_496_E_48_Cl_33_D_7_T_50.normalised	0	SATISFIABLE	1129.860	2571780	1329045445	66350236	3600	ok
solver12-full3600	95abe8aeebbe88fcb0503b13109593b3-reconf10_68_queen14_1	0	SATISFIABLE	382.741	203042	1528134205	1619401	3600	ok
solver12-full3600	965bc4f6691b2e5f7388aaa9ba68f768-SCPC-500-5	0	UNSATISFIABLE	47.084	243661	15499588	429897	3600	ok
solver12-full3600	967b58fea99a99b8da592d3e2fe7139b-dubois50.cnf.mis-99.debugged	0	TIMEOUT	3600.117	NA	NA	NA	3600	skip
solver12-full3600	96977e8e00a3728097861502a449e343-lockchart-group3-L13-K26-p4d3j1.normalised	0	TIMEOUT	3600.064	NA	NA	NA	3600	skip
solver12-full3600	96a472b1fd7bf855fbe44fc2d5e745ce-crusti_g2io_175_0.2_511_48.normalised	0	SATISFIABLE	64.624	22107	11129168	259272	3600	ok
solver12-full3600	96dea3458b5470bd6db5704a0d1e9742-bv_ILA_Piccolo_JALR_sanity_transition	0	UNSATISFIABLE	597.756	5410274	743385265	26014797	3600	ok
solver12-full3600	9754fc1acf450ee2ed2083a211cfa487-stb_792_333.apx_0	0	SATISFIABLE	384.839	1879857	380056519	2459345	3600	ok
solver12-full3600	981c4e83c5dd3694af4c367958e0ee5f-tseitin_grid_n250_m250	0	TIMEOUT	3600.294	NA	NA	NA	3600	skip
solver12-full3600	989ca6ab309ca52a6ff957b6896aa03e-16_16_booth_dadda_mapped_and_booth_wallace_mapped	0	TIMEOUT	3600.088	NA	NA	NA	3600	skip
solver12-full3600	98a9352230efc411c092f1dcdcdedcfc-bp4_BC012_IXA_LPI_FPBLE.normalised	0	TIMEOUT	3600.089	NA	NA	NA	3600	skip
solver12-full3600	98a991c902324b02349e766ad357cdc6-16_16_booth_dadda_origin_and_and_dadda_mapped_bit28	0	TIMEOUT	3600.090	NA	NA	NA	3600	skip
solver12-full3600	98e8aa2ace21d3362ef51524ad546764-bp4_TCO_CSO_IXA_LP_ZR.normalised	0	SATISFIABLE	300.258	499722	468479913	997394	3600	ok
solver12-full3600	99718c1729a8de3347a9946f1836421d-bivium-39-200-0s0-0xdcfb6ab71951500b8e460045bd45afee15c87e08b0072eb174-43	0	TIMEOUT	3600.084	NA	NA	NA	3600	skip
solver12-full3600	99bd0555ca704df05fcaf6f9b84c7eef-ramsey_3_7_24.normalised	0	TIMEOUT	3600.095	NA	NA	NA	3600	skip
solver12-full3600	9a839badecb20dcf505ec79eedd3753a-anbul-dated-5-15-u	0	UNSATISFIABLE	393.242	1511886	705256083	2030309	3600	ok
solver12-full3600	9af7646fc4a32c6f2744ddc0c4b654b7-brocard_problem_large	0	UNSATISFIABLE	47.176	656	66989231	2636	3600	ok
solver12-full3600	9af78578225115b54d5e7338562664fd-5.normalised	0	SATISFIABLE	118.230	309	189692832	3591452	3600	ok
solver12-full3600	9b5f767eb5c14eb888d51acf70e045c8-uniqinv40prop	0	TIMEOUT	3600.096	NA	NA	NA	3600	skip
solver12-full3600	9b998be0c639d06988c4902eb125c0b7-frb35-17-5_ext	0	SATISFIABLE	364.293	1573910	17902558	2464790	3600	ok
solver12-full3600	9d7caee59e9d362d132f1cd785de8a0b-ncc_none_21015_5_3_3_0_0_11	0	UNSATISFIABLE	2949.921	223226	4203091398	2173123493	3600	checker-timeout
solver12-full3600	9da32436de386f3b4f8e6ec1db552349-HCP-529-420	0	SATISFIABLE	61.757	817899	100995608	5722534	3600	ok
solver12-full3600	9dcbf221b8d2bb01f30bcca283f3608d-EDP3-11000	0	SATISFIABLE	118.227	109677	206560591	1868977	3600	ok
solver12-full3600	9dd565d002c343712eb5deda187e9034-sqrt-mitern169	0	TIMEOUT	3600.049	NA	NA	NA	3600	skip
solver12-full3600	9ea8deb8313d93e60743638909f37d6c-Circuit_multiplier29	0	TIMEOUT	3600.048	NA	NA	NA	3600	skip
solver12-full3600	9f1cb42232335f84435126b5ae0fb701-SC25_Timetable_C_495_E_48_Cl_33_D_7_T_50.normalised	0	TIMEOUT	3600.172	NA	NA	NA	3600	skip
solver12-full3600	9f38c92ba81c754103444edc15c1f44b-simon-r21-1.sanitized	0	SATISFIABLE	0.101	0	352	0	3600	ok
solver12-full3600	a09eb02bbaa7a0ae171123a782c2164d-RoundRobin_n18_d16	0	TIMEOUT	3600.205	NA	NA	NA	3600	skip
solver12-full3600	a0bcdaffb0ea36b678899fd86bdc7f18-arles_thres10_p10_r8186	0	UNSATISFIABLE	0.049	0	403	0	3600	ok
solver12-full3600	a1fdd60d2570f47fb14956ac9e96951f-oddball_22_5_ttf.normalised	0	UNSATISFIABLE	388.358	1393351	145313516	1777016	3600	ok
solver12-full3600	a28f59752c160af22b6d04cb89ddf802-pj2008_k200	0	TIMEOUT	3600.793	NA	NA	NA	3600	skip
solver12-full3600	a2ca167a8fdbf165f40b5d6dee94b040-58-134003	0	SATISFIABLE	2623.606	22167475	1379321115	135093346	3600	ok
solver12-full3600	a2fe3213d50b3bc297e3f7606c921128-mp1-blockpuzzle_9x9_s1_free9	0	TIMEOUT	3600.110	NA	NA	NA	3600	skip
solver12-full3600	a497d784c61c330f012dcd80d44dcd43-x9-06099.sat.sanitized	0	SATISFIABLE	0.967	14622	1082227	19533	3600	ok
solver12-full3600	a49ec44c8d9972cda278d48b6dbef09e-grs-32-128	0	TIMEOUT	3600.098	NA	NA	NA	3600	skip
solver12-full3600	a70883771fd1c210d94a916d52510a3a-gm28sparrc	0	UNSATISFIABLE	3.784	62	640529	73662	3600	ok
solver12-full3600	a7e7d0f855781da215aed50e523a821c-b22_1	0	UNSATISFIABLE	216.854	1884143	367959539	11474903	3600	ok
solver12-full3600	a8608545f9ae0462c7426e71a0e3e634-rbsat-v945c61409g3	0	TIMEOUT	3600.068	NA	NA	NA	3600	skip
solver12-full3600	a932cd15aa770c7874b12476153b7df2-16_16_booth_dadda_origin_and_and_dadda_origin_bit29	0	TIMEOUT	3600.085	NA	NA	NA	3600	skip
solver12-full3600	aa5585572cc045a3c2209b083635d598-st_815_74_9_2860.normalised	0	TIMEOUT	3600.066	NA	NA	NA	3600	skip
solver12-full3600	ab02c7ef78bda1f427d5e3f1f26b1ae5-sum_of_three_cubes_906_known_representation	0	SATISFIABLE	873.516	350272	1855175848	2236243	3600	ok
solver12-full3600	abadaf0ee0e21ff1a4b0e294f13ab5ab-arles_thres10_p20_r4305	0	UNSATISFIABLE	0.066	0	2941	0	3600	ok
solver12-full3600	ac3887576c2ce781202b9fe0fdc31420-pj2008_k80	0	SATISFIABLE	197.303	55551	116442349	12736998	3600	ok
solver12-full3600	ac51df6b340190cd1182c06ff2955afa-WS_500_16_90_70.apx_1_DC-ST	0	SATISFIABLE	309.628	1481410	104929888	2025010	3600	ok
solver12-full3600	acc0bc3ef52aa228cc35c2d9bb3ae249-BubbleVsPancakeSort_8_6	0	TIMEOUT	3600.083	NA	NA	NA	3600	skip
solver12-full3600	ad69e0a0880cd377e26260f7e4bc6d51-g2-T49.2.0	0	UNSATISFIABLE	2039.307	432803	3728646988	16070521	3600	ok
solver12-full3600	ad9eb96bac59319fc2f7daffd1f961f8-AProVE07-21	0	UNSATISFIABLE	270.157	2167747	254184652	2763481	3600	ok
solver12-full3600	ae9c53347ee8072745ed230992e164ee-16_16_and_wallace_origin_and_default_mapped_ultra_bit27	0	TIMEOUT	3600.076	NA	NA	NA	3600	skip
solver12-full3600	affe8884c8c744ab2f07683ed1cf0d1a-SC25_Timetable_C_498_E_46_Cl_34_D_7_T_50.normalised	0	TIMEOUT	3600.167	NA	NA	NA	3600	skip
solver12-full3600	b18b24418dd863c1d631698d7d45041f-div_miter_lec__2	0	TIMEOUT	3600.079	NA	NA	NA	3600	skip
solver12-full3600	b1c8eaa002ac2fa1c8bfd1002738e78e-cliquecolouring_n15_k7_c6.sanitized	0	UNSATISFIABLE	0.053	0	0	0	3600	ok
solver12-full3600	b27017cae233481c679e3c3be6f00af8-SAT_dat.k100-24_1_rule_2	0	TIMEOUT	3600.206	NA	NA	NA	3600	skip
solver12-full3600	b361efe85442bd535849708e2b7ac639-b22	0	UNSATISFIABLE	557.217	3843980	856874870	22039158	3600	ok
solver12-full3600	b3d3680b3287a989ce61a6db1054efd2-case20.normalised	0	SATISFIABLE	617.617	1902451	280828940	2936473	3600	ok
solver12-full3600	b5431f41e3264c64508c30da215c69c6-mod2c-rand3bip-sat-250-3.shuffled-as.sat05-2535	0	TIMEOUT	3600.104	NA	NA	NA	3600	skip
solver12-full3600	b628043a07c5576dd6cd21c9d73a69e0-fixedbandwidth-eq-37_shuffled	0	TIMEOUT	3600.198	NA	NA	NA	3600	skip
solver12-full3600	b64f7d56f1b369fac6a3bcb1efd784da-Kakuro-easy-126-ext.xml.hg_7	0	SATISFIABLE	135.603	87821	79500844	734511	3600	ok
solver12-full3600	b655faa69774192a80d9e2a2bc602ce4-Kakuro-easy-115-ext.xml.hg_5	0	SATISFIABLE	143.247	125835	100736035	677533	3600	ok
solver12-full3600	b99ba7e9113280393c64863dfbfa2c3b-lockchart-group3-L15-K29-p4d3j1.normalised	0	TIMEOUT	3600.060	NA	NA	NA	3600	skip
solver12-full3600	b9ed6fd14f4fc969ec966a4b54c36872-n320p5q2_n.apx_16	0	SATISFIABLE	1085.597	1389163	162310232	2454184	3600	ok
solver12-full3600	bc5a06872fa6dfc9acbc7f782f0a4439-ITC2021_Early_12.xml	0	TIMEOUT	3600.163	NA	NA	NA	3600	skip
solver12-full3600	be78afd2e0b3d1a955fc403b2d100d55-4.normalised	0	SATISFIABLE	75.141	0	1384405	0	3600	ok
solver12-full3600	bea83d274b1c57b2171b380e34fd645d-xor_op_n36_d3	0	UNSATISFIABLE	1.433	0	0	0	3600	ok
solver12-full3600	c0074020a48535e6062421cea2850dd0-st_659_37_25_686.normalised	0	TIMEOUT	3600.064	NA	NA	NA	3600	skip
solver12-full3600	c033577c6f5f9a1545537518af964305-reconf10_73_queen13_2	0	SATISFIABLE	18.216	5361	36175486	76221	3600	ok
solver12-full3600	c05d4d3ecd06a2e3942fea09159dd27b-MVRoundRobin_n16_d10_v2	0	UNSATISFIABLE	23.955	267199	39165485	469254	3600	ok
solver12-full3600	c0bd86bd7ca2c65e44311de374168150-goldcrest-and-14	0	TIMEOUT	3600.335	NA	NA	NA	3600	skip
solver12-full3600	c0e828fb967fc4f0935cf06c6a6b1055-lec_mult_CvW_11x10.sanitized	0	TIMEOUT	3600.109	NA	NA	NA	3600	skip
solver12-full3600	c21096fa2f550785c33dc862d83bc941-case17.normalised	0	SATISFIABLE	233.800	2048852	232891150	2550002	3600	ok
solver12-full3600	c569d4b2b2e90a1a70bd23a1169355ef-oddball_13_5_ttf.normalised	0	TIMEOUT	3600.093	NA	NA	NA	3600	skip
solver12-full3600	c6470503d1ff16cbafa18764b13d80ed-bp4_IXA_FPBEQ_ZR.normalised	0	SATISFIABLE	1645.510	2046562	1488342317	3497533	3600	ok
solver12-full3600	c7ee94464ba3b25e97fc9b38868b7154-SC25_Timetable_C_481_E_48_Cl_32_D_7_T_58.normalised	0	SATISFIABLE	45.559	173681	103030868	12731321	3600	ok
solver12-full3600	c86b261162cef181dc513963a8acb77f-ITC2021_Middle_9.xml	0	SATISFIABLE	419.311	1253855	498994264	6041768	3600	ok
solver12-full3600	c8cde50f32ca3f78a4c74a173c63449b-bp5_CSO.normalised	0	SATISFIABLE	890.625	312962	661486137	1899534	3600	ok
solver12-full3600	c8d21db50338d9d5743802bcae77a466-cliquecoloring_n14_k7_c6	0	TIMEOUT	3600.285	NA	NA	NA	3600	skip
solver12-full3600	ca3c65a863526793968fc30618a42709-case16.normalised	0	SATISFIABLE	491.431	3973741	488709618	4936736	3600	ok
solver12-full3600	cabfdc91f644200767df9d480d2cc53e-oddball_17_5_ttf.normalised	0	UNSATISFIABLE	13.022	119278	8503619	143398	3600	ok
solver12-full3600	cb66276897e4d1ff1368a4430598e11c-RoundRobin_n17_d13	0	UNSATISFIABLE	258.325	1625463	55710544	2758541	3600	ok
solver12-full3600	cb950b9accfb53eb98f77b0f995ac0ae-rphp5_050_shuffled	0	UNSATISFIABLE	0.052	0	0	0	3600	ok
solver12-full3600	cbd0933002d6c4ea99ceb47bb0c3f4c9-em_11_3_4_cmp	0	SATISFIABLE	531.203	1597348	431776696	15737841	3600	ok
solver12-full3600	ccc66f699505f84d67d7b4eaa78e5bd5-VanDerWaerden_pd_2-3-23_505	0	TIMEOUT	3600.075	NA	NA	NA	3600	skip
solver12-full3600	cdd131110acc861a5a01fae6c4936c91-6g_6color_366_050_04	0	TIMEOUT	3600.271	NA	NA	NA	3600	skip
solver12-full3600	cdd89d1b9259dcf26d4a53ba94041e93-sted2_0x0_n219-342	0	TIMEOUT	3600.047	NA	NA	NA	3600	skip
solver12-full3600	cdf559a186b55457ce49516ec323e907-at-least-two-traffic_kkb_unknown	0	UNSATISFIABLE	1190.706	1192374	368079590	3473789	3600	ok
solver12-full3600	d0298807e51730261ef65db827dcd70f-Break_triple_16_70.xml	0	SATISFIABLE	598.894	2705391	841533838	8774077	3600	ok
solver12-full3600	d07b717548b8c9c1477dd7f4a650bdf7-544707209399nc.shuffled-as.sat03-1670	0	SATISFIABLE	6.294	42866	18491627	60812	3600	ok
solver12-full3600	d1c28f29dc80ff82a3e32aa47fac8b41-arles_thres10_p10_r8175	0	UNSATISFIABLE	0.050	0	403	0	3600	ok
solver12-full3600	d2af3fde615d7c4d4a4574fc8839970e-lockchart-group1-L190-K276-p8d4j1.normalised	0	TIMEOUT	3600.215	NA	NA	NA	3600	skip
solver12-full3600	d35dfc38e1681b48ebceb4113d205a23-16_2	0	TIMEOUT	3600.067	NA	NA	NA	3600	skip
solver12-full3600	d3e4e0f01836bb359725c6aa5072afce-bp4_BC012_AM_IXA_LPI.normalised	0	UNSATISFIABLE	784.856	1957737	1452999070	3255500	3600	ok
solver12-full3600	d421913def55cb5f7302ffe9918cc153-snw_16_8_preOpt_pre	0	UNSATISFIABLE	544.817	182894	939362645	328082	3600	ok
solver12-full3600	d4256f750a8db53113c128b397722443-PancakeVsSelectionSort_6_6	0	UNSATISFIABLE	265.020	1816459	289717384	2866990	3600	ok
solver12-full3600	d5928883c1e1f70764a31a83aa419eaf-oski15a01b42s_opt	0	UNSATISFIABLE	2249.742	3287033	2096304237	146551026	3600	ok
solver12-full3600	d5b11b0b73eb4ecebdbf6ee8143da689-oisc-subrv-and-nested-11	0	TIMEOUT	3600.560	NA	NA	NA	3600	skip
solver12-full3600	d672bdbca3b1fb26d585e78add79537e-velev-pipe-o-uns-1.1-6	0	UNSATISFIABLE	369.947	2500646	1200964237	10371258	3600	ok
solver12-full3600	d6afa5689d75e37111656db8980dd54b-grs-160-48	0	UNSATISFIABLE	2046.127	6974810	4347553261	18899670	3600	checker-timeout
solver12-full3600	d839601ab519549e507de27b868fa48b-oski15a01b19s_opt	0	UNSATISFIABLE	1693.966	2534828	1441336694	104522507	3600	ok
solver12-full3600	d8666a18cf3a32af0a606099f0070b4b-7.normalised	0	SATISFIABLE	162.391	409	328437945	5497817	3600	ok
solver12-full3600	d88a8a62342be0ef04bd3b429f311352-bp4_BC012_CSO_IXA_LP.normalised	0	UNSATISFIABLE	247.250	608919	625833836	1236929	3600	ok
solver12-full3600	d88c6afc13cdad0e2c8371a879692b39-battleship-13-13-unsat	0	TIMEOUT	3600.126	NA	NA	NA	3600	skip
solver12-full3600	d89fc3e9c24e0383e940464f4704657e-SC25_Timetable_C_395_E_47_Cl_27_D_7_T_50.normalised	0	SATISFIABLE	132.999	393484	179327674	16498885	3600	ok
solver12-full3600	d9320e4dbba0f8bd699085f61a98ff5c-mod4block_3vars_7gates	0	TIMEOUT	3600.055	NA	NA	NA	3600	skip
solver12-full3600	d971241ca861121371d20be1d61c15a3-arles_thres20_p10_r7532	0	UNSATISFIABLE	0.057	0	1529	0	3600	ok
solver12-full3600	d99fd10afec0eea1a41a429936bfef59-oski15a01b02s_opt	0	UNSATISFIABLE	1412.469	2432144	1607922317	125223564	3600	ok
solver12-full3600	dbb42e010bed2259e4e27bc43e4d86c6-lockchart-group3-L11-K23-p4d3j1.normalised	0	TIMEOUT	3600.072	NA	NA	NA	3600	skip
solver12-full3600	dbe12d6d2e341d7b4e4216142f29e170-bp4_BC012_CSO_AM_FPBEQ_FPBLE_ZR.normalised	0	TIMEOUT	3600.073	NA	NA	NA	3600	skip
solver12-full3600	ddc308b079b032211ac8e4ae136c2626-ncc_none_2_17_4_3_0_0_435991723	0	UNSATISFIABLE	2370.386	199631	4232561498	27222507	3600	ok
solver12-full3600	ddf9620410e6a4351f64c745670ef5d4-oddball_57_5_tto_zp.normalised	0	TIMEOUT	3600.400	NA	NA	NA	3600	skip
solver12-full3600	de8988028668791f35a7b9f94353b5b9-sudoku-N30-16	0	TIMEOUT	3600.191	NA	NA	NA	3600	skip
solver12-full3600	de8c42d50f1dbf43a731f1916dc6bf01-16_16_booth_dadda_mapped_and_and_wallace_origin_bit28	0	TIMEOUT	3600.081	NA	NA	NA	3600	skip
solver12-full3600	df813fe752353c2cc3b9040865aecfe4-veer_axi_yosyshq_appnote_123_veer_axi-p06_transition	0	UNSATISFIABLE	30.055	1535	425019	73312	3600	ok
solver12-full3600	dff4ea0af62900ab4d404f3bf7649a4d-nla-digbench-scaling_dijkstra-u_valuebound1_step	0	TIMEOUT	3600.487	NA	NA	NA	3600	skip
solver12-full3600	e12874b16df577b301608d03731595d8-rphp5_085_shuffled	0	UNSATISFIABLE	0.101	0	0	0	3600	ok
solver12-full3600	e207ba2df64495327f715e08155a220f-fermat-834855329100173267	0	TIMEOUT	3600.047	NA	NA	NA	3600	skip
solver12-full3600	e23edb67db2d1dfdbfe2f4c02d09c6c7-14.normalised	0	SATISFIABLE	61.954	0	1113265	0	3600	ok
solver12-full3600	e2d2b011b0805782df6adba648db92e8-59-129706	0	SATISFIABLE	740.878	7866158	585609147	48969038	3600	ok
solver12-full3600	e318e2ac78b473091c3c2197afd7fc98-544707209399nw.shuffled-as.sat03-1671	0	SATISFIABLE	50.920	241644	87411628	311509	3600	ok
solver12-full3600	e3bd4a397f34a99c47d1b2e0e9abcd43-crusti_g2io_250_0.2_255_43.normalised	0	SATISFIABLE	112.904	130455	53061893	1205690	3600	ok
solver12-full3600	e430acf720b63044e5c825a00a76b0eb-rphp_p25_r25	0	TIMEOUT	3600.256	NA	NA	NA	3600	skip
solver12-full3600	e442248e155eb81a811edd1deca8a2cd-sudoku-N30-23	0	TIMEOUT	3600.171	NA	NA	NA	3600	skip
solver12-full3600	e4ac15cf2373fe0a3601065225178916-2013113162201nw.shuffled-as.sat03-1668	0	SATISFIABLE	138.881	552927	193233630	702032	3600	ok
solver12-full3600	e707c7e87816dd02ae433d268bd327c6-Break_triple_14_48.xml	0	SATISFIABLE	250.110	1145518	466790265	3972270	3600	ok
solver12-full3600	e7addace716ccd5c16ff9a5650869465-mp1-klieber2017s-0300-032-t12	0	SATISFIABLE	579.429	1488362	889243804	1869171	3600	ok
solver12-full3600	e7ee736cb1d140b3f70c6f519097aa32-circuit_32in32out_with_64gates_7in7out_dist128_seed2.sanitized	0	SATISFIABLE	1011.480	934697	10795799	1527330	3600	ok
solver12-full3600	e9f6eb5654365bb115e6d96405ea9a76-crusti_g2io_250_0.2_255_12.normalised	0	SATISFIABLE	153.588	182001	96390188	1112033	3600	ok
solver12-full3600	ea37a677b357328c1641ef2f6087bf66-clqcl_30_9_8.normalised	0	TIMEOUT	3600.196	NA	NA	NA	3600	skip
solver12-full3600	ea40162dda3f9b923b6160854cf7f75a-sudoku-N30-15	0	UNSATISFIABLE	1166.652	613642	2817910805	4225755	3600	ok
solver12-full3600	ebbda8d90dfd9b6500bf932f952907a6-2018D_VexRiscv-regch0-20-p1_step	0	UNSATISFIABLE	1634.698	2975066	3843292025	113911668	3600	checker-timeout
solver12-full3600	ed6d842f96d10f3400bce251f9e95bfb-battleship-16-31-sat	0	SATISFIABLE	3.836	48684	1335752	65563	3600	ok
solver12-full3600	ed9f304b537a768f462bd1c723c5396e-ITC2021_Early_9.xml	0	SATISFIABLE	1.384	9371	3100038	112646	3600	ok
solver12-full3600	ee5fb3e181571740adb8444bd052dbdc-11.normalised	0	SATISFIABLE	198.280	469	416024685	6779147	3600	ok
solver12-full3600	efc1b7cc3861df8c2b68ca10399b794e-oddball_19_4_ttf.normalised	0	UNSATISFIABLE	2830.906	21957732	1249906091	30085649	3600	ok
solver12-full3600	f0753a43fd48018b408d64ea68a4a924-Nb54T6	0	TIMEOUT	3600.350	NA	NA	NA	3600	skip
solver12-full3600	f0bafebdcce23ccfbaf6c27a7522069b-div-mitern172	0	UNSATISFIABLE	240.869	1254488	310696129	1614785	3600	ok
solver12-full3600	f17dfbed8c18716a41b231702e127524-SC25_Timetable_C_406_E_45_Cl_26_D_7_T_50.normalised	0	SATISFIABLE	289.811	909050	400556534	24793293	3600	ok
solver12-full3600	f1973c0a4e960a914ff12aa7e4e9293c-lockchart-group2-rnd0.3-L19-K38-P8D4J1_4	0	SATISFIABLE	575.545	1239136	1309732579	3825088	3600	ok
solver12-full3600	f1cd694d42891a20c96a65ee1c321edc-oddball_24_4_ttf.normalised	0	TIMEOUT	3600.171	NA	NA	NA	3600	skip
solver12-full3600	f25a1df88f89c6bcbe2602fa7f6e816b-1-TC-256-K-63.sanitized	0	SATISFIABLE	466.800	1298249	1251738805	3007060	3600	ok
solver12-full3600	f32bb347996c351bc3e9a91c58e8601d-DLTM_twitter774_83_17	0	SATISFIABLE	2594.471	3769185	4393972510	6627522	3600	ok
solver12-full3600	f33a6163305d6559043b7438a692dea9-simon-r17-1.sanitized	0	SATISFIABLE	0.088	0	352	0	3600	ok
solver12-full3600	f371fb73e6bd6d05b306519818bd5c89-WS_500_16_90_70.apx_1_DS-ST	0	SATISFIABLE	81.341	591092	41624399	797619	3600	ok
solver12-full3600	f37757b26c83935780be4f814f8ea401-bp4_TCO_IXA_FPBLE_ZR.normalised	0	TIMEOUT	3600.089	NA	NA	NA	3600	skip
solver12-full3600	f3abc375afaf48c7eae21500b773bd21-tseitin_grid_n400_m400	0	TIMEOUT	3600.172	NA	NA	NA	3600	skip
solver12-full3600	f406e2b8b28f205f16e8983bd522db13-oddball_112_5_ttf.normalised	0	TIMEOUT	3600.334	NA	NA	NA	3600	skip
solver12-full3600	f4ca5fca83e870d2ed56f2b00b074ed4-TT7F-33-24B	0	TIMEOUT	3600.138	NA	NA	NA	3600	skip
solver12-full3600	f569dc48ad062a3110ff08a8d59e59ab-crusti_g2io_200_0.1_127_19.normalised	0	SATISFIABLE	37.246	8261	3743949	44362	3600	ok
solver12-full3600	f5c12b1eb9c49e994abb238576a9372b-bp4_BC012_CSO_IXA_LP_FPBLE.normalised	0	UNSATISFIABLE	217.364	735231	651408390	1387496	3600	ok
solver12-full3600	f626408ec204fd8e1a7924d0e59672e9-oski15a01b41s_opt	0	UNSATISFIABLE	1758.812	2943930	1705851262	125562660	3600	ok
solver12-full3600	f6a085f3c728e53f57542e62df20e56b-crafted_n10_d6_c4_num8	0	UNSATISFIABLE	1941.867	976662	1553601175	3252397	3600	ok
solver12-full3600	f6f91f6a44c3953b788c026cbbaa4e91-arles_thres10_p20_r4514	0	UNSATISFIABLE	0.063	0	2377	0	3600	ok
solver12-full3600	fab2022deb130fe3ad1136a5c71b4109-case9	0	SATISFIABLE	44.497	431668	45914011	544044	3600	ok
solver12-full3600	fae6cf26f3da1e7d8fc4926a9ca86b61-SC25_Timetable_C_495_E_50_Cl_33_D_7_T_50.normalised	0	TIMEOUT	3600.163	NA	NA	NA	3600	skip
solver12-full3600	fbdca334e6985cd2de8718b60695b5f6-gm16sparrc	0	UNSATISFIABLE	0.549	62	112838	12162	3600	ok
solver12-full3600	fc67d414ea20a0ffffc087d7577af2fe-sudoku-N30-28	0	UNSATISFIABLE	1096.677	612262	2498390829	4095975	3600	ok
solver12-full3600	fcc4c4522c54db2f1cee86fe0fff5f4a-x-epic_a19-p16_step	0	TIMEOUT	3600.563	NA	NA	NA	3600	skip
solver12-full3600	fdc4dd704e4d93a50fafb1debd8a6789-bp4_CB_LP_FPBLE.normalised	0	UNSATISFIABLE	772.625	1122926	988517919	2164797	3600	ok
solver12-full3600	fdefca5f5236d5a8361dbdff0d017eeb-oddball_29_4_ttf.normalised	0	UNSATISFIABLE	882.667	7625544	811692457	9922423	3600	ok
solver12-full3600	fe851239cedd4197c5390cee55fee723-grs-256-64	0	TIMEOUT	3600.118	NA	NA	NA	3600	skip
solver12-full3600	fe9b9a35531e13dab41307e569386dab-lockchart-group1-L220-K317-p8d4j1.normalised	0	TIMEOUT	3600.256	NA	NA	NA	3600	skip
solver12-full3600	fea0f926e766ccba7c7dc261084ecbd0-16_16_default_mapped_ultra_and_and_dadda_mapped_bit28	0	TIMEOUT	3600.089	NA	NA	NA	3600	skip
