instance,result,verified,time_s,timeout,exit_code
00fd8ac9acd186a7a78a2c4d92f90de1-2.normalised,SAT,ok,43.283,1800,0
0205e2dffaef93a90c239df31755f2e1-bp4_CSO_AM_IXA_LP.normalised,TIMEOUT,skip,1800.000,1800,124
04648cef5bed430ab6429991fa9e107d-ramsey_3_6_19.normalised,TIMEOUT,skip,1800.000,1800,124
0aa22564d00e9716519918d84b25c4a7-sudoku-N30-12,UNSAT,ok,835.138,1800,0
0f269188707a1b2f309dd1c70bfe22b0-bp4_BC012_CSO_AM_IXA.normalised,TIMEOUT,skip,1800.000,1800,124
16c999d046885c8e51f196e60c34d966-aaai10-planning-ipc5-pathways-17-step20,ERROR,skip,364.314,1800,134
16ff47a05b769ed6a04c7175cfc6da55-sqrt-mitern170,TIMEOUT,skip,1800.000,1800,124
19951d43eff5fc4ef6fd07d7a5324fa0-oddball_80_5_tto_zp.normalised,ERROR,skip,744.775,1800,134
1b84df53843ecd90ec8c3c7a01cada6c-ramsey_4_4_18.normalised,TIMEOUT,skip,1800.000,1800,124
1d18837c0ced5c18a3a4693993e61728-SC25_Timetable_C_392_E_45_Cl_25_D_7_T_50.normalised,SAT,ok,63.360,1800,0
1e0d58c7e52319b3b17e343ec7ca6de5-QG7-gensys-icl006.sat05-3132.reshuffled-07,UNSAT,ok,621.336,1800,0
21415e807689ea75536e846a24623de1-clqcl_50_6_5.normalised,TIMEOUT,skip,1800.000,1800,124
2241a1fb5bdbac0c1a3c1980ed8b332d-crusti_g2io_225_0.1_31_25.normalised,SAT,ok,34.151,1800,0
22c8d6aa86d51e15ef5ab37479eda22b-xor_op_n40_d3,TIMEOUT,skip,1800.000,1800,124
2412325e3c099453b99c87864477363c-arles_thres20_p10_r7340,UNSAT,ok,0.009,1800,0
28eeb2beac7005a9afa98e4d3aaca621-oski15a01b40s_opt,ERROR,skip,1660.993,1800,134
2925ee90763e08b2f7e79c7c713c86b9-at-least-two-ibm-2004-23-k100,SAT,ok,1179.750,1800,0
296fd43ed40e242875984420f29be73f-oddball_24_5_ttf.normalised,TIMEOUT,skip,1800.000,1800,124
29b7d5a498eff7a98fcd03a273eaeba3-Kakuro-easy-132-ext.xml.hg_8,TIMEOUT,skip,1800.000,1800,124
31e843c53a76ff3961935ad55b953298-sqrt-mitern171,UNSAT,ok,788.701,1800,0
35b9091b90bd28a492c9556d6fc4348d-bp4_TCO_CSO_ZR.normalised,ERROR,skip,744.191,1800,134
3746303c659ef65aaa78f3b52cd5de49-6s299b685_Iter30,SAT,ok,38.514,1800,0
389bb0a8f3568f4bd0e71771df9093c5-BubbleVsPancakeSort_7_6,TIMEOUT,skip,1800.000,1800,124
42f1311ce504db8cc0cb590a568da20a-tseitin_n188_d3,TIMEOUT,skip,1800.000,1800,124
46355da785714f239393e7630020cae3-REGRandom-K4-L1-Seed40.sanitized,TIMEOUT,skip,1800.000,1800,124
465795fa2641c616ce76de8501672a19-VanDerWaerden_pd_2-3-27_663,TIMEOUT,skip,1800.000,1800,124
4e3195a382f5af213444736fcc8b364f-case1.normalised,TIMEOUT,skip,1800.000,1800,124
4f4d22ce7643079412975a662e9363fd-xor_op_n38_d3,TIMEOUT,skip,1800.000,1800,124
54d496c14fd2461642ef6be5341b297b-hwmcc17miters-xits-iso-6s163.sanitized,UNSAT,ok,1.120,1800,0
557d7d4db5399188f62bc39598c6d868-mp1-Nb7T46,TIMEOUT,skip,1800.000,1800,124
57b478982ee9aba245ba792452b18fe3-VanDerWaerden_pd_2-3-22_462,SAT,ok,1188.120,1800,0
5c47810953b22baa5f6f45585430fc77-oski15a01b20s_opt,TIMEOUT,skip,1800.000,1800,124
5c8f4e54e195d46053b04e232a5661c4-case7.normalised,TIMEOUT,skip,1800.000,1800,124
5dbe7b31f9b8d8e56045493439adb949-bp4_CSO_IXA_ZR.normalised,ERROR,skip,320.291,1800,134
5e933a625099cc1ec6a8299a7848a2ae-Kakuro-easy-112-ext.xml.hg_7,SAT,ok,483.092,1800,0
6415a71364351c0a521fdee510bc2589-18.normalised,SAT,ok,23.961,1800,0
65f7145996bbec02b90bd0fa64a20502-test_v7_r12_vr10_c1_s18160.smt2-stp212,TIMEOUT,skip,1800.000,1800,124
663bb5659e42c2c75f74354f48895302-SCPC-500-13,UNSAT,ok,13.191,1800,0
67aa1a256f92020dccdf66b235de3986-jkkk-one-one-10-34-sat,SAT,ok,30.437,1800,0
6832fe907740af686fde98518067ea3f-velev-pipe-sat-1.0-b7,ERROR,skip,78.386,1800,134
6cb995b1c550beb579c53e27f6ca881a-RoundRobin_n16_d13,TIMEOUT,skip,1800.000,1800,124
72cec28d6e34efe366150066b71edc33-bp4_LPI_FPBEQ_ZR.normalised,ERROR,skip,1793.741,1800,134
75cc1f02ed4b8c06553ef579b163e1be-SCPC-500-14,UNSAT,ok,46.772,1800,0
77a0d54f2fb3740a9a321623c0c10f3e-tseitin_grid_n12_m12,TIMEOUT,skip,1800.000,1800,124
780b0c9b5aed38a127f61c6aae7287aa-rbsat-v1375c111739gyes10,TIMEOUT,skip,1800.000,1800,124
818c585e5986431917605fca8d775034-g2-hwmcc15deep-oski15a10b10s-k20,TIMEOUT,skip,1800.000,1800,124
83aa254f7d17e1df7bee19322ac4752b-1.normalised,SAT,ok,60.807,1800,0
849950561ddce887c78fef773dccfa80-circuit_48in64out_with_800gates_4in4out_dist128_seed3.sanitized,TIMEOUT,skip,1800.000,1800,124
85ba26d796de9ad740ce5a6813488fbc-sted2_0x1e3-216,ERROR,skip,1800.000,1800,143
8707ef793f0443b5804c56c2ffca322e-clqcl_40_6_5.normalised,TIMEOUT,skip,1800.000,1800,124
8733dfd02c923d69720500c9ec8ce36a-reconf10_70_queen14_2,SAT,ok,366.492,1800,0
8a05f9b6bf49285e40d0a197967ea5d3-arles_thres10_p10_r7466,UNSAT,ok,0.011,1800,0
8b22396ef06770c7dfa7552a610fc911-PancakeVsSelectionSort_6_7,TIMEOUT,skip,1800.000,1800,124
8e62c5d47920ffe36052f86177403e70-SC25_Timetable_C_393_E_45_Cl_26_D_7_T_50.normalised,SAT,ok,28.729,1800,0
8f391f2bf8167f1b96467f3479b33dc5-oddball_20_5_ttf.normalised,UNSAT,ok,7.960,1800,0
901fa244999d250bc8d8cce19cabc114-SC25_Timetable_C_492_E_48_Cl_33_D_7_T_58.normalised,ERROR,skip,1276.325,1800,134
918d9e7c2e197312517736421d728958-SCPC-500-1,UNSAT,ok,232.137,1800,0
91c429adc2dc8430461b6d87a9aef335-16_16_booth_wallace_mapped_and_and_wallace_origin_bit28,TIMEOUT,skip,1800.000,1800,124
9277f5d1bc65276294617e672c4f2443-bp4_BC012_CSO_FPBEQ_FPBLE_ZR.normalised,ERROR,skip,838.143,1800,134
931621d9964e9d0cd1c4001822015c92-DLTM_twitter845_79_19,SAT,ok,893.131,1800,0
95931bb010dba306e24c79c120044ff9-SC25_Timetable_C_496_E_48_Cl_33_D_7_T_50.normalised,TIMEOUT,skip,1800.000,1800,124
95abe8aeebbe88fcb0503b13109593b3-reconf10_68_queen14_1,SAT,ok,526.818,1800,0
96977e8e00a3728097861502a449e343-lockchart-group3-L13-K26-p4d3j1.normalised,TIMEOUT,skip,1800.000,1800,124
98a991c902324b02349e766ad357cdc6-16_16_booth_dadda_origin_and_and_dadda_mapped_bit28,TIMEOUT,skip,1800.000,1800,124
98e8aa2ace21d3362ef51524ad546764-bp4_TCO_CSO_IXA_LP_ZR.normalised,ERROR,skip,1321.397,1800,134
9af7646fc4a32c6f2744ddc0c4b654b7-brocard_problem_large,UNSAT,ok,1430.216,1800,0
9f1cb42232335f84435126b5ae0fb701-SC25_Timetable_C_495_E_48_Cl_33_D_7_T_50.normalised,TIMEOUT,skip,1800.000,1800,124
9f38c92ba81c754103444edc15c1f44b-simon-r21-1.sanitized,SAT,ok,0.010,1800,0
a28f59752c160af22b6d04cb89ddf802-pj2008_k200,TIMEOUT,skip,1800.000,1800,124
a497d784c61c330f012dcd80d44dcd43-x9-06099.sat.sanitized,SAT,ok,0.298,1800,0
a8608545f9ae0462c7426e71a0e3e634-rbsat-v945c61409g3,TIMEOUT,skip,1800.000,1800,124
abadaf0ee0e21ff1a4b0e294f13ab5ab-arles_thres10_p20_r4305,UNSAT,ok,0.014,1800,0
b3d3680b3287a989ce61a6db1054efd2-case20.normalised,SAT,ok,344.464,1800,0
b628043a07c5576dd6cd21c9d73a69e0-fixedbandwidth-eq-37_shuffled,TIMEOUT,skip,1800.000,1800,124
b655faa69774192a80d9e2a2bc602ce4-Kakuro-easy-115-ext.xml.hg_5,SAT,ok,142.074,1800,0
bea83d274b1c57b2171b380e34fd645d-xor_op_n36_d3,TIMEOUT,skip,1800.000,1800,124
c0074020a48535e6062421cea2850dd0-st_659_37_25_686.normalised,TIMEOUT,skip,1800.000,1800,124
c05d4d3ecd06a2e3942fea09159dd27b-MVRoundRobin_n16_d10_v2,TIMEOUT,skip,1800.000,1800,124
c0bd86bd7ca2c65e44311de374168150-goldcrest-and-14,TIMEOUT,skip,1800.000,1800,124
c8cde50f32ca3f78a4c74a173c63449b-bp5_CSO.normalised,TIMEOUT,skip,1800.000,1800,124
cb950b9accfb53eb98f77b0f995ac0ae-rphp5_050_shuffled,TIMEOUT,skip,1800.000,1800,124
d2af3fde615d7c4d4a4574fc8839970e-lockchart-group1-L190-K276-p8d4j1.normalised,SAT,ok,280.763,1800,0
d5b11b0b73eb4ecebdbf6ee8143da689-oisc-subrv-and-nested-11,TIMEOUT,skip,1800.000,1800,124
d89fc3e9c24e0383e940464f4704657e-SC25_Timetable_C_395_E_47_Cl_27_D_7_T_50.normalised,SAT,ok,56.373,1800,0
d971241ca861121371d20be1d61c15a3-arles_thres20_p10_r7532,UNSAT,ok,0.010,1800,0
de8c42d50f1dbf43a731f1916dc6bf01-16_16_booth_dadda_mapped_and_and_wallace_origin_bit28,TIMEOUT,skip,1800.000,1800,124
e12874b16df577b301608d03731595d8-rphp5_085_shuffled,TIMEOUT,skip,1800.000,1800,124
e2d2b011b0805782df6adba648db92e8-59-129706,TIMEOUT,skip,1800.000,1800,124
e318e2ac78b473091c3c2197afd7fc98-544707209399nw.shuffled-as.sat03-1671,SAT,ok,152.550,1800,0
ebbda8d90dfd9b6500bf932f952907a6-2018D_VexRiscv-regch0-20-p1_step,TIMEOUT,skip,1800.000,1800,124
ed6d842f96d10f3400bce251f9e95bfb-battleship-16-31-sat,SAT,ok,6.995,1800,0
ee5fb3e181571740adb8444bd052dbdc-11.normalised,SAT,ok,150.692,1800,0
f0bafebdcce23ccfbaf6c27a7522069b-div-mitern172,UNSAT,ok,782.746,1800,0
f17dfbed8c18716a41b231702e127524-SC25_Timetable_C_406_E_45_Cl_26_D_7_T_50.normalised,ERROR,skip,629.562,1800,134
f1973c0a4e960a914ff12aa7e4e9293c-lockchart-group2-rnd0.3-L19-K38-P8D4J1_4,TIMEOUT,skip,1800.000,1800,124
f25a1df88f89c6bcbe2602fa7f6e816b-1-TC-256-K-63.sanitized,TIMEOUT,skip,1800.000,1800,124
f3abc375afaf48c7eae21500b773bd21-tseitin_grid_n400_m400,TIMEOUT,skip,1800.000,1800,124
f4ca5fca83e870d2ed56f2b00b074ed4-TT7F-33-24B,TIMEOUT,skip,1800.000,1800,124
fab2022deb130fe3ad1136a5c71b4109-case9,SAT,ok,208.086,1800,0
fbdca334e6985cd2de8718b60695b5f6-gm16sparrc,UNSAT,ok,0.527,1800,0
