# round-1 cells (tools/rl_round1.py cells): classes slow / band_solved / rescuable / probe_solved; budgets in work units; points set by the schedule
stem	family	cls	budget	work_per_s	peak_rss_mb	points	window_lo	window_hi	seed	source
0205e2dffaef93a90c239df31755f2e1-bp4_CSO_AM_IXA_LP.normalised	bp	slow	16835657211	38149882	97.4		0.1	0.9	0	stock pass
04f43bb4a4f2c193a18e7195a4fd8e41-goldcrest-and-11	goldcrest	slow	21772897554	19621428	255.7		0.1	0.9	0	stock pass
062f58e44eb73f9274b57af5092cad90-rook-51-0-0	chess-puzzles	band_solved	99784881986	23518775	128.4		0.2	0.9	0	band pass
0a4880c0e882e6a4a31943522573c394-b19_1	itc99	slow	40413919856	22452178	164.4		0.1	0.9	0	stock pass
0a8a4c28d27228e954354ea0a6e7f16c-sum_of_three_cubes_42_known_representation	sum-of-cubes	slow	16396819059	19807012	599.5		0.1	0.9	0	stock pass
0ae917c2e0c1d39cbe411c29b2f5ff08-dislog_a14_x14_n24	singletons	slow	75793518768	48762164	40.2		0.1	0.9	0	stock pass
0c0430a68f147be18ab3fded07f30fdb-oddball_53_5_tto_zp.normalised	oddball	band_solved	52520710645	14773658	659.9		0.2	0.9	0	band pass
0c9bcbc815cf0f109b7aeef3fbffc42d-par32-2.shuffled-as.sat03-1534	parity	band_solved	171072493243	45670093	48.9		0.2	0.9	0	band pass
0e36fa2e12f32cde67937803299fb57b-6s268r_Iter94	hwmcc-iter	slow	2441883165	11837712	224.7		0.1	0.9	0	stock pass
0ed8c06438673f179985a79b9d6a9fe4-cfi-rigid-s2-0064-04-or_2_shuffle_all	cfi-rigid	band_solved	88700765339	22070324	477.9		0.2	0.9	0	band pass
16564a6acba6b9fc887c447d4e507767-ER_400_20_7.apx_2_DS-ST	argumentation	slow	51151070937	40870896	65.6		0.1	0.9	0	stock pass
16c999d046885c8e51f196e60c34d966-aaai10-planning-ipc5-pathways-17-step20	planning	slow	12836117208	40139459	46.0		0.1	0.9	0	stock pass
16ff47a05b769ed6a04c7175cfc6da55-sqrt-mitern170	div-sqrt-miter	slow	26945500221	41596428	23.4		0.1	0.9	0	stock pass
18d4124324b56e434118f9ef72198d84-spg_300_300	spg	slow	10204742460	16995158	380.3		0.1	0.9	0	stock pass
1a92907cdec0528583a8f49a818b406d-BubbleVsPancakeSort_8_4	sort-equivalence	slow	74801410740	41556339	40.6		0.1	0.9	0	stock pass
1b8806812861df2b7e91dc316ad1ef80-oddball_52_5_tto_zp.normalised	oddball	rescuable	86258086768	16757405	608.3		0.4	0.9	0	round-0 child or wild solve
1c21a43aa1ad437e4a7e4eb5b9cd45a1-9.normalised	anon-normalised	slow	680497041	2540372	9928.8		0.1	0.9	0	stock pass
1e0d58c7e52319b3b17e343ec7ca6de5-QG7-gensys-icl006.sat05-3132.reshuffled-07	gensys	slow	38278811562	55898940	32.8		0.1	0.9	0	stock pass
21b173943af57eefaac5e88bfa2662ad-shuffling-1-s1769330284-of-bench-sat04-422.used-as.sat04-561	shuffling-sat04	slow	14162174076	44822680	21.7		0.1	0.9	0	stock pass
24bde22f729a988fb2394b644cb60d39-SC25_Timetable_C_481_E_49_Cl_32_D_7_T_58.normalised	timetable	slow	15417355809	18527091	341.9		0.1	0.9	0	stock pass
27570c6780aaade3dc771c6a12534fb8-reconf10_22_queen20_3_8667	reconf	slow	78781176032	43767320	122.1		0.1	0.9	0	stock pass
27cb3a6ca772613c5998d7f78a55ba45-bp4_AM_IXA_FPBLE.normalised	bp	slow	71854041597	39918912	77.0		0.1	0.9	0	stock pass
28eeb2beac7005a9afa98e4d3aaca621-oski15a01b40s_opt	oski	slow	36358485036	21719408	301.5		0.1	0.9	0	stock pass
2925ee90763e08b2f7e79c7c713c86b9-at-least-two-ibm-2004-23-k100	at-least-two	slow	9763128489	18640747	325.1		0.1	0.9	0	stock pass
296fd43ed40e242875984420f29be73f-oddball_24_5_ttf.normalised	oddball	slow	43771616753	41653217	46.6		0.1	0.9	0	stock pass
29b573e0f7b922c4bd0a675db005265f-b18	itc99	slow	29344961717	26193515	96.1		0.1	0.9	0	stock pass
2bdfcf23ac1829912a408402a540972a-1-ET-256-K-65.sanitized	et-tc	slow	21851682558	35692591	43.7		0.1	0.9	0	stock pass
2c8eb0402be32cf281e23f00d5a16259-oski15a01b45s_opt	oski	slow	50896370161	28275761	277.0		0.1	0.9	0	stock pass
2de9b79919882078aea76f297fc923e5-case11.normalised	case	slow	74225186705	41236215	52.0		0.1	0.9	0	stock pass
2e058841373f34cc47d8dec927fd1796-blocks-blocks-36-0.150-NOTKNOWN	planning	slow	8068523853	21931356	402.8		0.1	0.9	0	stock pass
30f64b3b0870ce5d22d4217782224dfe-lockchart-group1-L200-K289-p8d4j1.normalised	lockchart	probe_solved	46821666733	6957656	1329.2		0.2	0.9	0	7200 s probe
31e843c53a76ff3961935ad55b953298-sqrt-mitern171	div-sqrt-miter	slow	12140595552	42119746	19.8		0.1	0.9	0	stock pass
35748015c5f16c9ee7e4d1894af497a0-oski15a01b39s_opt	oski	slow	42481996548	23601109	283.5		0.1	0.9	0	stock pass
35b9091b90bd28a492c9556d6fc4348d-bp4_TCO_CSO_ZR.normalised	bp	probe_solved	284325427824	34125772	88.8		0.2	0.9	0	7200 s probe
3bfa92996634d2ddc6c0568bba9a0f99-case6.normalised	case	slow	86205014231	47891675	68.5		0.1	0.9	0	stock pass
3c0db78733bb05b9d1e9d7627b2e8f38-rook-52-0-1	chess-puzzles	probe_solved	163126382071	22153220	157.0		0.2	0.9	0	7200 s probe
3c129545f090ef08b6ef89a2903ff83e-oski15a01b09s_opt	oski	slow	44357281959	24642934	249.4		0.1	0.9	0	stock pass
3cda1cbfbcabfc71ece7961d4d6ad1bb-lockchart-group2-rnd0.3-L19-K38-P8D4J1_3	lockchart	rescuable	128880501798	25527717	98.5		0.4	0.9	0	round-0 child or wild solve
3ec81fcaac5a1da8a6ca4da0b9d8eb02-gm16spctrc	gm-sparrc	slow	59900207114	33277893	64.2		0.1	0.9	0	stock pass
418b8aa42088cb0b1d85014dfa285b25-16_16_booth_wallace_origin_and_and_dadda_mapped_bit28	multiplier-16x16	slow	75458005346	41921114	43.4		0.1	0.9	0	stock pass
41915707d831e1365389d3cc47c7953f-oddball_51_5_tto_zp.normalised	oddball	rescuable	72802930164	12731254	584.1		0.4	0.9	0	round-0 child or wild solve
43687a48fb119ca61b47c2fc69a71e7d-manthey_single-ordered-initialized-w42-b8	manthey	slow	20161780293	48249276	31.1		0.1	0.9	0	stock pass
43ebdada6f6153b50a140ba908d5bf44-oddball_67_5_tto_zp.normalised	oddball	band_solved	31926717518	8633515	665.3		0.2	0.9	0	band pass
43fbacb24ea30054dece1de179c4ca7e-ER_400_20_7.apx_1_DS-ST	argumentation	slow	68930997270	40592393	64.8		0.1	0.9	0	stock pass
465c7f101b2d24de63f6a6f544faa9ee-crusti_g2io_175_0.2_511_10.normalised	crusti-g2io	slow	406259892	2073844	656.2		0.1	0.9	0	stock pass
46a8727e27d848faafd83a990c2e01a7-case8.normalised	case	slow	21119402067	28801593	41.1		0.1	0.9	0	stock pass
482295be38dc1d63a16f3cf649ef7ef6-myciel6-cn.used-as.sat04-319	dimacs-coloring	slow	93958156499	52198976	70.6		0.1	0.9	0	stock pass
4c7e09f077026b9ee3900bfed6825fbb-Ptn-7824-b19	singletons	band_solved	139278824133	35997967	41.1		0.2	0.9	0	band pass
4cf3505e5183c26bbd97d89fdaa93f8c-oddball_26_4_ttf.normalised	oddball	slow	69190217843	38439010	126.8		0.1	0.9	0	stock pass
4f4d22ce7643079412975a662e9363fd-xor_op_n38_d3	xor-op	slow	53387605037	29659781	112.5		0.1	0.9	0	stock pass
51482a5b06b055edfdca576d654ce191-bob12s09-opt	hwmcc-bob	slow	6730239096	34798322	38.6		0.1	0.9	0	stock pass
539a1f4e4f7a95ab0ac55df50445cceb-multiplier_15bits__miter_23	mult-miter-bits	band_solved	167230783316	42821564	80.4		0.2	0.9	0	band pass
56913ff910c49dd5010653720970d944-grs-32-64	grs	slow	9670211313	26543180	63.8		0.1	0.9	0	stock pass
57b478982ee9aba245ba792452b18fe3-VanDerWaerden_pd_2-3-22_462	vdw	slow	66429389278	36905216	89.6		0.1	0.9	0	stock pass
59825ed96dc3bbdbd8789a4870b323ec-hcp_CP18_18	hcp	band_solved	181189131273	49048446	101.6		0.2	0.9	0	band pass
5c47810953b22baa5f6f45585430fc77-oski15a01b20s_opt	oski	slow	39289715364	21827620	268.0		0.1	0.9	0	stock pass
5c8f4e54e195d46053b04e232a5661c4-case7.normalised	case	slow	35876173707	53414825	36.8		0.1	0.9	0	stock pass
5ceb95f5960efe1f23c3014847dea118-pj2009_k80	pj	slow	7407087711	19913935	1314.8		0.1	0.9	0	stock pass
5d62e4d7ab116c477c8d4f5bd36907de-lockchart-group2-rnd0.3-L19-K38-P8D4J1_2	lockchart	rescuable	129094087375	25040713	97.2		0.4	0.9	0	round-0 child or wild solve
5d7bc1fb0f3269d88f732d3fb81abe59-16_16_booth_wallace_origin_and_default_mapped_bit29	multiplier-16x16	slow	79336010848	44075562	35.6		0.1	0.9	0	stock pass
5dbe7b31f9b8d8e56045493439adb949-bp4_CSO_IXA_ZR.normalised	bp	slow	12162892434	39960353	68.6		0.1	0.9	0	stock pass
5e933a625099cc1ec6a8299a7848a2ae-Kakuro-easy-112-ext.xml.hg_7	kakuro	slow	1668285210	4988876	1442.3		0.1	0.9	0	stock pass
60e39615d3af069932865a28b1bf6330-16_16_booth_dadda_mapped_and_and_wallace_mapped_bit28	multiplier-16x16	slow	72125108424	40069505	50.5		0.1	0.9	0	stock pass
64cb3656e0c03b3db7033ee9b987f280-em_8_4_5_cmp	em	slow	55645434390	32393034	94.7		0.1	0.9	0	stock pass
67aa1a256f92020dccdf66b235de3986-jkkk-one-one-10-34-sat	jkkk	slow	33608688518	27772356	52.1		0.1	0.9	0	stock pass
6832fe907740af686fde98518067ea3f-velev-pipe-sat-1.0-b7	velev-pipe	slow	9888646202	15464227	556.8		0.1	0.9	0	stock pass
69ad7473757d30d55fabab7882268483-BubbleVsPancakeSort_9_4	sort-equivalence	probe_solved	396198737673	36314057	55.6		0.2	0.9	0	7200 s probe
6cb995b1c550beb579c53e27f6ca881a-RoundRobin_n16_d13	roundrobin	band_solved	159104743423	42233638	100.7		0.2	0.9	0	band pass
6cd9571bc71cc0c3fb08aeafb9ca37e4-sted1_0x24204-330	sted	slow	12600756110	35573952	42.0		0.1	0.9	0	stock pass
6f354fbea13b25a49f3edc1cd10c48d5-bp4_CSO_LP_FPBLE_ZR_YS.normalised	bp	slow	18357646752	44965798	25.3		0.1	0.9	0	stock pass
72a033a7a86f1b89b1bdd8e28a97ecdf-frb80-14-1.used-as.sat04-879	frb	band_solved	141411016776	40128884	42.7		0.2	0.9	0	band pass
72cec28d6e34efe366150066b71edc33-bp4_LPI_FPBEQ_ZR.normalised	bp	band_solved	116038017332	33989254	101.7		0.2	0.9	0	band pass
753ca299a6ab46e28ece1aefa38f4947-oski15a01b01s_opt	oski	slow	37583721027	22187188	306.4		0.1	0.9	0	stock pass
76bef98aafe7e718e98761f058c7dc1d-bp4_CB_CSO_LP_FPBEQ_FPBLE.normalised	bp	slow	51587512170	36768933	49.7		0.1	0.9	0	stock pass
780b0c9b5aed38a127f61c6aae7287aa-rbsat-v1375c111739gyes10	rbsat	slow	67784862111	38869228	48.1		0.1	0.9	0	stock pass
7a044c997ede14d00002f1db39d45170-sum_of_3_cubes_37_bits_87	sum-of-cubes	slow	80164685087	44535936	37.4		0.1	0.9	0	stock pass
7a206b67366c3049f214f360ff943f62-oddball_56_5_tto_zp.normalised	oddball	slow	29089180619	16160656	510.9		0.1	0.9	0	stock pass
7a5e9bdbf9b8c025b1f986d6098b6206-cfi-rigid-t2-0048-04-or_3_shuffle_all	cfi-rigid	slow	1609486587	5823245	341.4		0.1	0.9	0	stock pass
7e58b502cc9dbef5f76d5161fb9a09b2-mp1-Nb7T45	mp1	probe_solved	189155689728	23150682	187.5		0.2	0.9	0	7200 s probe
822cf4daaa4e1d16ad53d088ff567f32-RoundRobin_n15_d13	roundrobin	probe_solved	285809771254	40178711	126.0		0.2	0.9	0	7200 s probe
8733dfd02c923d69720500c9ec8ce36a-reconf10_70_queen14_2	reconf	slow	16023535839	22887463	388.4		0.1	0.9	0	stock pass
89002102bdb86946869a06dc1f604315-lockchart-group1-L210-K303-p8d4j1.normalised	lockchart	band_solved	25991444973	6814346	928.9		0.2	0.9	0	band pass
8b22396ef06770c7dfa7552a610fc911-PancakeVsSelectionSort_6_7	sort-equivalence	slow	28440221772	40247400	27.4		0.1	0.9	0	stock pass
8e1f70e59050693ef128bee0092a7f5f-PancakeVsSelectionSort_6_8	sort-equivalence	slow	57747033971	37643441	37.6		0.1	0.9	0	stock pass
908433870bee8ba2c86f266d0b002fdb-MVRoundRobin_n20_d10_v2	roundrobin	probe_solved	356222448589	45708456	148.7		0.2	0.9	0	7200 s probe
918d9e7c2e197312517736421d728958-SCPC-500-1	scpc	slow	12088689603	62016178	17.3		0.1	0.9	0	stock pass
91c429adc2dc8430461b6d87a9aef335-16_16_booth_wallace_mapped_and_and_wallace_origin_bit28	multiplier-16x16	slow	78043414709	43357453	34.4		0.1	0.9	0	stock pass
95931bb010dba306e24c79c120044ff9-SC25_Timetable_C_496_E_48_Cl_33_D_7_T_50.normalised	timetable	rescuable	98279865025	18526807	313.2		0.4	0.9	0	round-0 child or wild solve
96a472b1fd7bf855fbe44fc2d5e745ce-crusti_g2io_175_0.2_511_48.normalised	crusti-g2io	slow	4205191229	7609581	646.3		0.1	0.9	0	stock pass
98a9352230efc411c092f1dcdcdedcfc-bp4_BC012_IXA_LPI_FPBLE.normalised	bp	slow	65838624722	36577014	80.5		0.1	0.9	0	stock pass
98a991c902324b02349e766ad357cdc6-16_16_booth_dadda_origin_and_and_dadda_mapped_bit28	multiplier-16x16	band_solved	161770343438	41375161	69.6		0.2	0.9	0	band pass
98e8aa2ace21d3362ef51524ad546764-bp4_TCO_CSO_IXA_LP_ZR.normalised	bp	slow	66262086504	36812270	81.9		0.1	0.9	0	stock pass
99718c1729a8de3347a9946f1836421d-bivium-39-200-0s0-0xdcfb6ab71951500b8e460045bd45afee15c87e08b0072eb174-43	crypto-cipher	slow	101661991432	56478884	55.6		0.1	0.9	0	stock pass
9af7646fc4a32c6f2744ddc0c4b654b7-brocard_problem_large	brocard	slow	5238603537	15292871	577.6		0.1	0.9	0	stock pass
9d7caee59e9d362d132f1cd785de8a0b-ncc_none_21015_5_3_3_0_0_11	ncc	slow	10482349146	14371037	728.1		0.1	0.9	0	stock pass
9dcbf221b8d2bb01f30bcca283f3608d-EDP3-11000	edp	slow	6221578911	17668967	93.6		0.1	0.9	0	stock pass
9ea8deb8313d93e60743638909f37d6c-Circuit_multiplier29	circuit-multiplier	band_solved	162478412510	46270116	72.7		0.2	0.9	0	band pass
9f1cb42232335f84435126b5ae0fb701-SC25_Timetable_C_495_E_48_Cl_33_D_7_T_50.normalised	timetable	band_solved	64269869891	18404714	252.6		0.2	0.9	0	band pass
a28f59752c160af22b6d04cb89ddf802-pj2008_k200	pj	slow	22897631659	12720906	4191.0		0.1	0.9	0	stock pass
a2ca167a8fdbf165f40b5d6dee94b040-58-134003	anon-pair	slow	65635275970	36464042	97.6		0.1	0.9	0	stock pass
a49ec44c8d9972cda278d48b6dbef09e-grs-32-128	grs	slow	38495092658	21386163	154.0		0.1	0.9	0	stock pass
a932cd15aa770c7874b12476153b7df2-16_16_booth_dadda_origin_and_and_dadda_origin_bit29	multiplier-16x16	slow	80271310445	44595172	33.9		0.1	0.9	0	stock pass
ac3887576c2ce781202b9fe0fdc31420-pj2008_k80	pj	slow	10895823969	20428495	1460.5		0.1	0.9	0	stock pass
ac51df6b340190cd1182c06ff2955afa-WS_500_16_90_70.apx_1_DC-ST	argumentation	slow	20026866150	52393571	18.6		0.1	0.9	0	stock pass
acc0bc3ef52aa228cc35c2d9bb3ae249-BubbleVsPancakeSort_8_6	sort-equivalence	probe_solved	310731806305	37053745	73.3		0.2	0.9	0	7200 s probe
ad69e0a0880cd377e26260f7e4bc6d51-g2-T49.2.0	g2-t	slow	24497909030	13609949	2298.3		0.1	0.9	0	stock pass
ae9c53347ee8072745ed230992e164ee-16_16_and_wallace_origin_and_default_mapped_ultra_bit27	multiplier-16x16	slow	75213221420	41785123	66.1		0.1	0.9	0	stock pass
b27017cae233481c679e3c3be6f00af8-SAT_dat.k100-24_1_rule_2	sat-dat	slow	36950657572	20528143	640.7		0.1	0.9	0	stock pass
b3d3680b3287a989ce61a6db1054efd2-case20.normalised	case	slow	20851013037	41891459	25.7		0.1	0.9	0	stock pass
b5431f41e3264c64508c30da215c69c6-mod2c-rand3bip-sat-250-3.shuffled-as.sat05-2535	parity	slow	29382046515	56692766	34.1		0.1	0.9	0	stock pass
b628043a07c5576dd6cd21c9d73a69e0-fixedbandwidth-eq-37_shuffled	singletons	slow	75609513705	50664427	35.2		0.1	0.9	0	stock pass
b64f7d56f1b369fac6a3bcb1efd784da-Kakuro-easy-126-ext.xml.hg_7	kakuro	slow	5381754300	6847042	1766.7		0.1	0.9	0	stock pass
b655faa69774192a80d9e2a2bc602ce4-Kakuro-easy-115-ext.xml.hg_5	kakuro	slow	9178849637	8137365	1942.8		0.1	0.9	0	stock pass
b99ba7e9113280393c64863dfbfa2c3b-lockchart-group3-L15-K29-p4d3j1.normalised	lockchart	probe_solved	222156086347	40870373	57.2		0.2	0.9	0	7200 s probe
bc5a06872fa6dfc9acbc7f782f0a4439-ITC2021_Early_12.xml	itc2021	slow	9425499954	26232004	116.1		0.1	0.9	0	stock pass
bea83d274b1c57b2171b380e34fd645d-xor_op_n36_d3	xor-op	probe_solved	191006558871	30857135	119.5		0.2	0.9	0	7200 s probe
c033577c6f5f9a1545537518af964305-reconf10_73_queen13_2	reconf	slow	37758123348	26678963	370.1		0.1	0.9	0	stock pass
c0bd86bd7ca2c65e44311de374168150-goldcrest-and-14	goldcrest	slow	29581548282	16434193	405.5		0.1	0.9	0	stock pass
c6470503d1ff16cbafa18764b13d80ed-bp4_IXA_FPBEQ_ZR.normalised	bp	slow	43890920220	37182492	54.5		0.1	0.9	0	stock pass
c7ee94464ba3b25e97fc9b38868b7154-SC25_Timetable_C_481_E_48_Cl_32_D_7_T_58.normalised	timetable	slow	12652039905	18418211	225.6		0.1	0.9	0	stock pass
c8d21db50338d9d5743802bcae77a466-cliquecoloring_n14_k7_c6	clique-coloring	band_solved	166877915958	43484775	82.8		0.2	0.9	0	band pass
ca3c65a863526793968fc30618a42709-case16.normalised	case	slow	54663478215	52788484	34.1		0.1	0.9	0	stock pass
ccc66f699505f84d67d7b4eaa78e5bd5-VanDerWaerden_pd_2-3-23_505	vdw	slow	73223538867	40679744	66.4		0.1	0.9	0	stock pass
cdd131110acc861a5a01fae6c4936c91-6g_6color_366_050_04	dimacs-coloring	rescuable	92216676994	17075052	224.5		0.4	0.9	0	round-0 child or wild solve
cdd89d1b9259dcf26d4a53ba94041e93-sted2_0x0_n219-342	sted	slow	23272042608	39698209	39.8		0.1	0.9	0	stock pass
cdf559a186b55457ce49516ec323e907-at-least-two-traffic_kkb_unknown	at-least-two	slow	39527637279	32339953	177.5		0.1	0.9	0	stock pass
d2af3fde615d7c4d4a4574fc8839970e-lockchart-group1-L190-K276-p8d4j1.normalised	lockchart	band_solved	27659311570	7233747	1227.3		0.2	0.9	0	band pass
d3e4e0f01836bb359725c6aa5072afce-bp4_BC012_AM_IXA_LPI.normalised	bp	slow	40502798706	39082162	52.0		0.1	0.9	0	stock pass
d5928883c1e1f70764a31a83aa419eaf-oski15a01b42s_opt	oski	slow	41744861213	23435948	277.0		0.1	0.9	0	stock pass
d6afa5689d75e37111656db8980dd54b-grs-160-48	grs	slow	29199370725	19201989	117.2		0.1	0.9	0	stock pass
d8666a18cf3a32af0a606099f0070b4b-7.normalised	anon-normalised	slow	544343241	2603342	7942.6		0.1	0.9	0	stock pass
d88a8a62342be0ef04bd3b429f311352-bp4_BC012_CSO_IXA_LP.normalised	bp	slow	18224569959	39587993	96.9		0.1	0.9	0	stock pass
dbb42e010bed2259e4e27bc43e4d86c6-lockchart-group3-L11-K23-p4d3j1.normalised	lockchart	band_solved	162562812389	45138984	73.4		0.2	0.9	0	band pass
dbe12d6d2e341d7b4e4216142f29e170-bp4_BC012_CSO_AM_FPBEQ_FPBLE_ZR.normalised	bp	slow	61794084440	34330047	78.9		0.1	0.9	0	stock pass
ddf9620410e6a4351f64c745670ef5d4-oddball_57_5_tto_zp.normalised	oddball	rescuable	89659002616	15455952	1426.4		0.4	0.9	0	round-0 child or wild solve
de8988028668791f35a7b9f94353b5b9-sudoku-N30-16	sudoku	probe_solved	161202756804	17521316	382.4		0.2	0.9	0	7200 s probe
dff4ea0af62900ab4d404f3bf7649a4d-nla-digbench-scaling_dijkstra-u_valuebound1_step	hwmc-step-transition	slow	21385269741	13512625	2823.8		0.1	0.9	0	stock pass
e207ba2df64495327f715e08155a220f-fermat-834855329100173267	factoring	probe_solved	283712374473	35347547	45.0		0.2	0.9	0	7200 s probe
e3bd4a397f34a99c47d1b2e0e9abcd43-crusti_g2io_250_0.2_255_43.normalised	crusti-g2io	slow	8024999438	9468858	632.3		0.1	0.9	0	stock pass
e7ee736cb1d140b3f70c6f519097aa32-circuit_32in32out_with_64gates_7in7out_dist128_seed2.sanitized	circuit-gates	slow	10596225999	38703433	197.6		0.1	0.9	0	stock pass
e9f6eb5654365bb115e6d96405ea9a76-crusti_g2io_250_0.2_255_12.normalised	crusti-g2io	slow	14145790200	10822370	670.1		0.1	0.9	0	stock pass
ea40162dda3f9b923b6160854cf7f75a-sudoku-N30-15	sudoku	slow	35099871099	20340606	366.8		0.1	0.9	0	stock pass
ebbda8d90dfd9b6500bf932f952907a6-2018D_VexRiscv-regch0-20-p1_step	hwmc-step-transition	slow	17485232553	23947682	929.9		0.1	0.9	0	stock pass
ee5fb3e181571740adb8444bd052dbdc-11.normalised	anon-normalised	slow	626035521	2585278	9134.6		0.1	0.9	0	stock pass
efc1b7cc3861df8c2b68ca10399b794e-oddball_19_4_ttf.normalised	oddball	slow	6762798711	36725798	29.5		0.1	0.9	0	stock pass
f1973c0a4e960a914ff12aa7e4e9293c-lockchart-group2-rnd0.3-L19-K38-P8D4J1_4	lockchart	slow	47738647731	26521471	72.3		0.1	0.9	0	stock pass
f406e2b8b28f205f16e8983bd522db13-oddball_112_5_ttf.normalised	oddball	slow	7794304478	25905630	144.4		0.1	0.9	0	stock pass
f569dc48ad062a3110ff08a8d59e59ab-crusti_g2io_200_0.1_127_19.normalised	crusti-g2io	slow	3207064725	14473228	191.0		0.1	0.9	0	stock pass
f626408ec204fd8e1a7924d0e59672e9-oski15a01b41s_opt	oski	slow	43852001448	24362223	323.7		0.1	0.9	0	stock pass
fab2022deb130fe3ad1136a5c71b4109-case9	case	slow	20769684468	56703617	29.2		0.1	0.9	0	stock pass
fae6cf26f3da1e7d8fc4926a9ca86b61-SC25_Timetable_C_495_E_50_Cl_33_D_7_T_50.normalised	timetable	rescuable	95033162805	17924635	272.9		0.4	0.9	0	round-0 child or wild solve
fc67d414ea20a0ffffc087d7577af2fe-sudoku-N30-28	sudoku	slow	36845076771	20554273	364.7		0.1	0.9	0	stock pass
fcc4c4522c54db2f1cee86fe0fff5f4a-x-epic_a19-p16_step	hwmc-step-transition	slow	18264833184	17049319	2919.8		0.1	0.9	0	stock pass
fdc4dd704e4d93a50fafb1debd8a6789-bp4_CB_LP_FPBLE.normalised	bp	slow	14469697962	41421049	45.2		0.1	0.9	0	stock pass
fdefca5f5236d5a8361dbdff0d017eeb-oddball_29_4_ttf.normalised	oddball	slow	65886601472	36603667	115.3		0.1	0.9	0	stock pass
fe851239cedd4197c5390cee55fee723-grs-256-64	grs	band_solved	72524351090	15872358	196.9		0.2	0.9	0	band pass
fea0f926e766ccba7c7dc261084ecbd0-16_16_default_mapped_ultra_and_and_dadda_mapped_bit28	multiplier-16x16	slow	77435518291	43019732	48.5		0.1	0.9	0	stock pass
