config,instance,baseline_result,config_result,baseline_time_s,config_time_s,actual_wall_ratio,work_ratio_conflicts,speed_ratio_prop_rate,net_work_speed_ratio,baseline_conflicts,config_conflicts,baseline_prop_per_search_s,config_prop_per_search_s,baseline_restarts,config_restarts
A_lucky_off,0aa22564d00e9716519918d84b25c4a7-sudoku-N30-12,UNSAT,UNSAT,207.577000,188.524000,0.908212,1.000000,0.911209,0.911209,259775,259775,6486858.280904,7118956.486798,617,617
A_lucky_off,3746303c659ef65aaa78f3b52cd5de49-6s299b685_Iter30,SAT,SAT,20.197000,16.117000,0.797990,1.000000,0.857176,0.857176,3764,3764,4233112.503946,4938440.007904,19,19
A_lucky_off,46355da785714f239393e7630020cae3-REGRandom-K4-L1-Seed40.sanitized,UNSAT,UNSAT,61.471000,57.389000,0.933595,1.000000,0.924621,0.924621,1607608,1607608,583514.712903,631085.518157,3069,3069
A_lucky_off,557d7d4db5399188f62bc39598c6d868-mp1-Nb7T46,SAT,SAT,46.758000,44.589000,0.953612,1.000000,0.947034,0.947034,425229,425229,6265110.458181,6615507.778280,1020,1020
A_lucky_off,5e933a625099cc1ec6a8299a7848a2ae-Kakuro-easy-112-ext.xml.hg_7,SAT,SAT,236.213000,214.364000,0.907503,1.000000,0.902580,0.902580,732107,732107,3205988.814138,3552026.135964,1533,1533
A_lucky_off,663bb5659e42c2c75f74354f48895302-SCPC-500-13,UNSAT,UNSAT,15.319000,13.502000,0.881389,1.000000,0.993633,0.993633,188144,188144,1021781.038166,1028328.452455,508,508
A_lucky_off,6832fe907740af686fde98518067ea3f-velev-pipe-sat-1.0-b7,SAT,SAT,72.847000,65.479000,0.898857,1.000000,0.906282,0.906282,179968,179968,10035264.776105,11073003.648454,503,503
A_lucky_off,9af7646fc4a32c6f2744ddc0c4b654b7-brocard_problem_large,UNSAT,UNSAT,11.277000,8.923000,0.791257,1.000000,0.986649,0.986649,403,403,5211185.131008,5281701.229870,2,2
A_lucky_off,ed6d842f96d10f3400bce251f9e95bfb-battleship-16-31-sat,SAT,SAT,0.090000,23.055000,256.166667,,,,0,593019,0.000000,568570.263718,0,1274
A_lucky_off,fab2022deb130fe3ad1136a5c71b4109-case9,SAT,SAT,127.501000,127.778000,1.002173,1.000000,1.002816,1.002816,4186969,4186969,3427934.302330,3418308.284960,7418,7418
B_lbd_metadata,0aa22564d00e9716519918d84b25c4a7-sudoku-N30-12,UNSAT,UNSAT,207.577000,188.936000,0.910197,1.000000,0.909064,0.909064,259775,259775,6486858.280904,7135754.704891,617,617
B_lbd_metadata,3746303c659ef65aaa78f3b52cd5de49-6s299b685_Iter30,SAT,SAT,20.197000,21.769000,1.077833,1.000000,0.902533,0.902533,3764,3764,4233112.503946,4690259.717059,19,19
B_lbd_metadata,46355da785714f239393e7630020cae3-REGRandom-K4-L1-Seed40.sanitized,UNSAT,UNSAT,61.471000,63.665000,1.035692,1.000000,1.009894,1.009894,1607608,1607608,583514.712903,577797.936545,3069,3069
B_lbd_metadata,557d7d4db5399188f62bc39598c6d868-mp1-Nb7T46,SAT,SAT,46.758000,47.586000,1.017708,1.000000,0.997377,0.997377,425229,425229,6265110.458181,6281585.578107,1020,1020
B_lbd_metadata,5e933a625099cc1ec6a8299a7848a2ae-Kakuro-easy-112-ext.xml.hg_7,SAT,SAT,236.213000,216.523000,0.916643,1.000000,0.892827,0.892827,732107,732107,3205988.814138,3590829.716418,1533,1533
B_lbd_metadata,663bb5659e42c2c75f74354f48895302-SCPC-500-13,UNSAT,UNSAT,15.319000,15.339000,1.001306,1.000000,0.995139,0.995139,188144,188144,1021781.038166,1026772.387859,508,508
B_lbd_metadata,6832fe907740af686fde98518067ea3f-velev-pipe-sat-1.0-b7,SAT,SAT,72.847000,67.128000,0.921493,1.000000,0.924369,0.924369,179968,179968,10035264.776105,10856345.973648,503,503
B_lbd_metadata,9af7646fc4a32c6f2744ddc0c4b654b7-brocard_problem_large,UNSAT,UNSAT,11.277000,11.405000,1.011351,1.000000,0.998458,0.998458,403,403,5211185.131008,5219234.862941,2,2
B_lbd_metadata,ed6d842f96d10f3400bce251f9e95bfb-battleship-16-31-sat,SAT,SAT,0.090000,0.090000,1.000000,,,,0,0,0.000000,0.000000,0,0
B_lbd_metadata,fab2022deb130fe3ad1136a5c71b4109-case9,SAT,SAT,127.501000,131.887000,1.034400,1.000000,1.034527,1.034527,4186969,4186969,3427934.302330,3313527.850379,7418,7418
C_lbd_ema,0aa22564d00e9716519918d84b25c4a7-sudoku-N30-12,UNSAT,UNSAT,207.577000,183.369000,0.883378,0.854370,0.913519,0.780484,259775,221944,6486858.280904,7100952.653433,617,1444
C_lbd_ema,3746303c659ef65aaa78f3b52cd5de49-6s299b685_Iter30,SAT,SAT,20.197000,19.902000,0.985394,1.465728,0.924538,1.355122,3764,5517,4233112.503946,4578623.415379,19,91
C_lbd_ema,46355da785714f239393e7630020cae3-REGRandom-K4-L1-Seed40.sanitized,UNSAT,UNSAT,61.471000,89.293000,1.452604,1.398845,1.069545,1.496128,1607608,2248794,583514.712903,545572.658010,3069,6713
C_lbd_ema,557d7d4db5399188f62bc39598c6d868-mp1-Nb7T46,SAT,UNKNOWN,46.758000,296.636000,6.344069,6.452267,1.780790,11.490135,425229,2743691,6265110.458181,3518162.823574,1020,25833
C_lbd_ema,5e933a625099cc1ec6a8299a7848a2ae-Kakuro-easy-112-ext.xml.hg_7,SAT,SAT,236.213000,169.150000,0.716091,0.531142,1.234194,0.655533,732107,388853,3205988.814138,2597637.079494,1533,2426
C_lbd_ema,663bb5659e42c2c75f74354f48895302-SCPC-500-13,UNSAT,UNSAT,15.319000,12.036000,0.785691,0.756219,0.958190,0.724601,188144,142278,1021781.038166,1066365.327143,508,580
C_lbd_ema,6832fe907740af686fde98518067ea3f-velev-pipe-sat-1.0-b7,SAT,SAT,72.847000,71.067000,0.975565,0.938745,1.174236,1.102308,179968,168944,10035264.776105,8546209.184722,503,1174
C_lbd_ema,9af7646fc4a32c6f2744ddc0c4b654b7-brocard_problem_large,UNSAT,UNSAT,11.277000,15.063000,1.335728,1.627792,0.942270,1.533820,403,656,5211185.131008,5530455.925910,2,7
C_lbd_ema,ed6d842f96d10f3400bce251f9e95bfb-battleship-16-31-sat,SAT,SAT,0.090000,0.089000,0.988889,,,,0,0,0.000000,0.000000,0,0
C_lbd_ema,fab2022deb130fe3ad1136a5c71b4109-case9,SAT,UNKNOWN,127.501000,295.341000,2.316382,2.085827,1.111300,2.317979,4186969,8733291,3427934.302330,3084616.804968,7418,23809
