trace,kind,seconds,conflicts,decisions,propagations,restarts,props_per_conflict,decisions_per_conflict,restarts_per_1000_conflicts,level,trail,learned,result
trace_A_default_mp1,interval,1.558000,20000,88888,12883322,68,644.166100,4.444400,3.400000,572,7201,19999,
trace_A_default_mp1,interval,3.327000,40000,162685,27424287,126,685.607175,4.067125,3.150000,678,13294,39999,
trace_A_default_mp1,interval,5.090000,60000,241618,40471558,188,674.525967,4.026967,3.133333,615,10531,59999,
trace_A_default_mp1,interval,6.800000,80000,322609,53074933,251,663.436663,4.032612,3.137500,738,19144,79999,
trace_A_default_mp1,interval,8.894000,100000,348830,67389209,254,673.892090,3.488300,2.540000,691,16744,99999,
trace_A_default_mp1,interval,10.785000,120000,423904,80374531,317,669.787758,3.532533,2.641667,698,16931,119999,
trace_A_default_mp1,interval,12.812000,140000,502715,94086488,380,672.046343,3.590821,2.714286,659,17548,139999,
trace_A_default_mp1,interval,14.771000,160000,574595,107391325,436,671.195781,3.591219,2.725000,588,8030,159999,
trace_A_default_mp1,interval,16.798000,180000,658545,122005827,504,677.810150,3.658583,2.800000,624,9475,179999,
trace_A_default_mp1,interval,18.882000,200000,685816,138201318,509,691.006590,3.429080,2.545000,634,9439,199999,
trace_A_default_mp1,interval,21.292000,220000,708271,155750115,510,707.955068,3.219414,2.318182,653,5435,219999,
trace_A_default_mp1,interval,24.427000,240000,763681,172710650,549,719.627708,3.182004,2.287500,617,12760,239999,
trace_A_default_mp1,interval,26.601000,260000,846782,186794959,618,718.442150,3.256854,2.376923,574,6329,259999,
trace_A_default_mp1,interval,28.032000,280000,907732,195648698,660,698.745350,3.241900,2.357143,389,1534,279999,
trace_A_default_mp1,interval,29.814000,300000,998285,206305590,728,687.685300,3.327617,2.426667,701,18528,299999,
trace_A_default_mp1,interval,32.112000,320000,1054932,219360338,764,685.501056,3.296663,2.387500,647,20826,319999,
trace_A_default_mp1,interval,34.405000,340000,1106541,232822661,796,684.772532,3.254532,2.341176,657,8291,339999,
trace_A_default_mp1,interval,36.698000,360000,1187391,245569859,859,682.138497,3.298308,2.386111,635,8505,359999,
trace_A_default_mp1,interval,39.247000,380000,1252296,261153867,905,687.247018,3.295516,2.381579,649,10941,379999,
trace_A_default_mp1,interval,41.534000,400000,1333745,272783474,970,681.958685,3.334363,2.425000,639,8996,399999,
trace_A_default_mp1,interval,43.974000,420000,1401757,286714958,1019,682.654662,3.337517,2.426190,525,14022,419999,
trace_A_default_mp1,final,44.625163,425229,1413611,289974291,1020,681.925012,3.324352,2.398708,,,425229,SAT
trace_C_lbd_ema_mp1,interval,1.322000,20000,246624,10213716,274,510.685800,12.331200,13.700000,498,5749,19999,
trace_C_lbd_ema_mp1,interval,2.419000,40000,412512,18201378,449,455.034450,10.312800,11.225000,525,3716,39999,
trace_C_lbd_ema_mp1,interval,4.007000,60000,608577,28291679,658,471.527983,10.142950,10.966667,596,9629,59999,
trace_C_lbd_ema_mp1,interval,5.346000,80000,760382,36493034,817,456.162925,9.504775,10.212500,608,6607,79999,
trace_C_lbd_ema_mp1,interval,6.774000,100000,938179,44738631,1010,447.386310,9.381790,10.100000,564,6239,99999,
trace_C_lbd_ema_mp1,interval,7.824000,120000,1053625,50290717,1129,419.089308,8.780208,9.408333,408,1969,119999,
trace_C_lbd_ema_mp1,interval,9.644000,140000,1253164,58694797,1356,419.248550,8.951171,9.685714,399,2172,139999,
trace_C_lbd_ema_mp1,interval,11.427000,160000,1420452,66850263,1536,417.814144,8.877825,9.600000,616,10165,159999,
trace_C_lbd_ema_mp1,interval,13.436000,180000,1614209,75245540,1750,418.030778,8.967828,9.722222,509,2753,179999,
trace_C_lbd_ema_mp1,interval,15.337000,200000,1778710,82822247,1927,414.111235,8.893550,9.635000,657,5669,199999,
trace_C_lbd_ema_mp1,interval,17.618000,220000,1966515,91703650,2135,416.834773,8.938705,9.704545,609,7146,219999,
trace_C_lbd_ema_mp1,interval,19.642000,240000,2134397,99092715,2316,412.886312,8.893321,9.650000,620,6398,239999,
trace_C_lbd_ema_mp1,interval,21.869000,260000,2295682,106380692,2486,409.156508,8.829546,9.561538,525,5515,259999,
trace_C_lbd_ema_mp1,interval,24.401000,280000,2485580,114052891,2702,407.331754,8.877071,9.650000,596,6942,279999,
trace_C_lbd_ema_mp1,interval,26.953000,300000,2658866,122193744,2885,407.312480,8.862887,9.616667,669,8771,299999,
trace_C_lbd_ema_mp1,interval,29.403000,320000,2828478,129383203,3074,404.322509,8.838994,9.606250,459,5940,319999,
trace_C_lbd_ema_mp1,interval,32.022000,340000,2990063,137085411,3255,403.192385,8.794303,9.573529,588,4243,339999,
trace_C_lbd_ema_mp1,interval,34.799000,360000,3160093,144772862,3436,402.146839,8.778036,9.544444,638,6527,359999,
trace_C_lbd_ema_mp1,interval,37.048000,380000,3288737,151102449,3569,397.638024,8.654571,9.392105,624,7366,379999,
trace_C_lbd_ema_mp1,interval,39.101000,400000,3414613,156845625,3702,392.114062,8.536532,9.255000,606,8384,399999,
trace_C_lbd_ema_mp1,interval,41.819000,420000,3595370,164319092,3898,391.235933,8.560405,9.280952,584,7101,419999,
trace_C_lbd_ema_mp1,interval,44.449000,440000,3794268,173126620,4118,393.469591,8.623336,9.359091,574,8850,31970,
trace_C_lbd_ema_mp1,interval,45.828000,460000,3981664,182044086,4325,395.748013,8.655791,9.402174,618,8411,51970,
trace_C_lbd_ema_mp1,interval,47.186000,480000,4151450,189924715,4510,395.676490,8.648854,9.395833,604,13993,71970,
trace_C_lbd_ema_mp1,interval,48.693000,500000,4336582,198115977,4707,396.231954,8.673164,9.414000,545,6553,91970,
trace_C_lbd_ema_mp1,interval,50.223000,520000,4506926,205852478,4900,395.870150,8.667165,9.423077,580,9753,111970,
trace_C_lbd_ema_mp1,interval,51.648000,540000,4640860,212792377,5035,394.059957,8.594185,9.324074,229,1226,131970,
trace_C_lbd_ema_mp1,interval,53.395000,560000,4816414,220314302,5229,393.418396,8.600739,9.337500,547,6068,151970,
trace_C_lbd_ema_mp1,interval,55.297000,580000,5009386,228564466,5444,394.076666,8.636872,9.386207,597,5872,171970,
trace_C_lbd_ema_mp1,interval,56.547000,600000,5121290,233728843,5563,389.548072,8.535483,9.271667,553,6955,191970,
trace_C_lbd_ema_mp1,interval,58.755000,620000,5304795,241857932,5770,390.093439,8.556121,9.306452,455,2356,211970,
trace_C_lbd_ema_mp1,interval,60.984000,640000,5494829,249300817,5978,389.532527,8.585670,9.340625,613,8724,231970,
trace_C_lbd_ema_mp1,interval,62.959000,660000,5658904,256531515,6158,388.684114,8.574097,9.330303,581,6887,251970,
trace_C_lbd_ema_mp1,interval,64.904000,680000,5802031,263476678,6312,387.465703,8.532399,9.282353,550,4008,271970,
trace_C_lbd_ema_mp1,interval,66.416000,700000,5918754,268937156,6435,384.195937,8.455363,9.192857,519,3425,291970,
trace_C_lbd_ema_mp1,interval,69.108000,720000,6116013,277110450,6658,384.875625,8.494462,9.247222,553,6604,311970,
trace_C_lbd_ema_mp1,interval,71.178000,740000,6277523,283487386,6838,383.091062,8.483139,9.240541,554,7404,331970,
trace_C_lbd_ema_mp1,interval,73.732000,760000,6469227,291356052,7055,383.363226,8.512141,9.282895,562,6946,351970,
trace_C_lbd_ema_mp1,interval,76.685000,780000,6647123,299546866,7250,384.034444,8.521953,9.294872,615,10738,371970,
trace_C_lbd_ema_mp1,interval,78.845000,800000,6822778,306778344,7447,383.472930,8.528472,9.308750,585,4228,391970,
trace_C_lbd_ema_mp1,interval,81.434000,820000,7006112,315276863,7646,384.483979,8.544039,9.324390,615,6529,411970,
trace_C_lbd_ema_mp1,interval,83.539000,840000,7149947,322035804,7803,383.375957,8.511842,9.289286,285,1622,431970,
trace_C_lbd_ema_mp1,interval,85.231000,860000,7273800,327372865,7936,380.666122,8.457907,9.227907,535,6349,451970,
trace_C_lbd_ema_mp1,interval,87.677000,880000,7450591,335088637,8129,380.782542,8.466581,9.237500,617,12353,471970,
trace_C_lbd_ema_mp1,interval,90.074000,900000,7619892,342407629,8316,380.452921,8.466547,9.240000,531,6696,491970,
trace_C_lbd_ema_mp1,interval,92.439000,920000,7794241,349629167,8510,380.031703,8.472001,9.250000,559,7824,511970,
trace_C_lbd_ema_mp1,interval,94.982000,940000,7979805,358733366,8714,381.631240,8.489154,9.270213,538,5787,36343,
trace_C_lbd_ema_mp1,interval,96.285000,960000,8181353,367860673,8935,383.188201,8.522243,9.307292,661,5715,56343,
trace_C_lbd_ema_mp1,interval,97.707000,980000,8373885,377052598,9140,384.747549,8.544781,9.326531,581,10945,76343,
trace_C_lbd_ema_mp1,interval,99.131000,1000000,8558368,385642454,9337,385.642454,8.558368,9.337000,543,6435,96343,
trace_C_lbd_ema_mp1,interval,100.500000,1020000,8734487,393214529,9532,385.504440,8.563223,9.345098,644,6933,116343,
trace_C_lbd_ema_mp1,interval,101.902000,1040000,8901697,400723980,9723,385.311519,8.559324,9.349038,558,7496,136343,
trace_C_lbd_ema_mp1,interval,103.369000,1060000,9066326,408764063,9897,385.626475,8.553138,9.336792,550,4939,156343,
trace_C_lbd_ema_mp1,interval,105.053000,1080000,9268781,417781340,10121,386.834574,8.582205,9.371296,610,7006,176343,
trace_C_lbd_ema_mp1,interval,106.744000,1100000,9452181,426177657,10321,387.434234,8.592892,9.382727,629,10177,196343,
trace_C_lbd_ema_mp1,interval,108.665000,1120000,9659396,435066902,10551,388.452591,8.624461,9.420536,498,3353,216343,
trace_C_lbd_ema_mp1,interval,110.233000,1140000,9815076,442393433,10723,388.064415,8.609716,9.406140,598,7226,236343,
trace_C_lbd_ema_mp1,interval,112.113000,1160000,10003007,450617324,10936,388.463210,8.623282,9.427586,651,10865,256343,
trace_C_lbd_ema_mp1,interval,113.847000,1180000,10166273,457954442,11117,388.096985,8.615486,9.421186,564,5762,276343,
trace_C_lbd_ema_mp1,interval,115.633000,1200000,10334383,464778914,11308,387.315762,8.611986,9.423333,441,5218,296343,
trace_C_lbd_ema_mp1,interval,117.722000,1220000,10516071,472705171,11512,387.463255,8.619730,9.436066,618,11721,316343,
trace_C_lbd_ema_mp1,interval,119.528000,1240000,10668390,479153203,11684,386.413873,8.603540,9.422581,605,3337,336343,
trace_C_lbd_ema_mp1,interval,121.772000,1260000,10849281,486892591,11882,386.422691,8.610540,9.430159,611,8260,356343,
trace_C_lbd_ema_mp1,interval,124.014000,1280000,11031173,494759344,12093,386.530737,8.618104,9.447656,536,7642,376343,
trace_C_lbd_ema_mp1,interval,126.679000,1300000,11204830,502769442,12284,386.745725,8.619100,9.449231,571,8900,396343,
trace_C_lbd_ema_mp1,interval,129.141000,1320000,11374186,510272202,12472,386.569850,8.616808,9.448485,523,4887,416343,
trace_C_lbd_ema_mp1,interval,131.430000,1340000,11537060,517316154,12656,386.056831,8.609746,9.444776,559,7209,436343,
trace_C_lbd_ema_mp1,interval,134.218000,1360000,11709613,525217091,12844,386.189037,8.610010,9.444118,629,11187,456343,
trace_C_lbd_ema_mp1,interval,136.795000,1380000,11849165,532553003,12993,385.907973,8.586351,9.415217,586,6504,476343,
trace_C_lbd_ema_mp1,interval,139.780000,1400000,12045904,540480523,13219,386.057516,8.604217,9.442143,566,6504,496343,
trace_C_lbd_ema_mp1,interval,142.489000,1420000,12210705,547526538,13403,385.582069,8.599088,9.438732,519,4860,516343,
trace_C_lbd_ema_mp1,interval,145.222000,1440000,12373949,554172938,13583,384.842318,8.593020,9.432639,622,7321,536343,
trace_C_lbd_ema_mp1,interval,148.115000,1460000,12533165,560788898,13760,384.101985,8.584360,9.424658,592,8192,556343,
trace_C_lbd_ema_mp1,interval,151.113000,1480000,12724528,568638708,13976,384.215343,8.597654,9.443243,659,13459,29260,
trace_C_lbd_ema_mp1,interval,152.312000,1500000,12897868,576824512,14164,384.549675,8.598579,9.442667,623,6786,49260,
trace_C_lbd_ema_mp1,interval,153.658000,1520000,13090226,585183422,14382,384.989093,8.611991,9.461842,600,10247,69260,
trace_C_lbd_ema_mp1,interval,155.110000,1540000,13277531,594052069,14587,385.748097,8.621773,9.472078,506,5806,89260,
trace_C_lbd_ema_mp1,interval,156.368000,1560000,13444906,601273256,14766,385.431574,8.618529,9.465385,590,7455,109260,
trace_C_lbd_ema_mp1,interval,157.783000,1580000,13617459,609496170,14957,385.757070,8.618645,9.466456,565,7006,129260,
trace_C_lbd_ema_mp1,interval,159.169000,1600000,13782727,616980387,15136,385.612742,8.614204,9.460000,564,7148,149260,
trace_C_lbd_ema_mp1,interval,160.678000,1620000,13951069,624524379,15322,385.508876,8.611771,9.458025,634,9150,169260,
trace_C_lbd_ema_mp1,interval,162.262000,1640000,14129812,631837263,15516,385.266624,8.615739,9.460976,622,6286,189260,
trace_C_lbd_ema_mp1,interval,164.283000,1660000,14325854,639635031,15727,385.322308,8.630033,9.474096,614,7796,209260,
trace_C_lbd_ema_mp1,interval,166.479000,1680000,14508873,647857505,15935,385.629467,8.636234,9.485119,527,4688,229260,
trace_C_lbd_ema_mp1,interval,168.468000,1700000,14668166,655156364,16107,385.386096,8.628333,9.474706,596,6138,249260,
trace_C_lbd_ema_mp1,interval,170.675000,1720000,14844913,662854351,16298,385.380437,8.630763,9.475581,605,9926,269260,
trace_C_lbd_ema_mp1,interval,172.950000,1740000,15030196,670680616,16507,385.448630,8.638044,9.486782,495,6033,289260,
trace_C_lbd_ema_mp1,interval,174.762000,1760000,15142312,676389220,16618,384.312057,8.603586,9.442045,588,8324,309260,
trace_C_lbd_ema_mp1,interval,177.457000,1780000,15341028,684616706,16839,384.616127,8.618555,9.460112,580,6362,329260,
trace_C_lbd_ema_mp1,interval,179.526000,1800000,15484784,690568432,16995,383.649129,8.602658,9.441667,557,6046,349260,
trace_C_lbd_ema_mp1,interval,181.947000,1820000,15639588,697420516,17165,383.198086,8.593180,9.431319,630,6989,369260,
trace_C_lbd_ema_mp1,interval,184.798000,1840000,15836821,705627668,17393,383.493298,8.606968,9.452717,555,8200,389260,
trace_C_lbd_ema_mp1,interval,186.902000,1860000,15980082,712199335,17542,382.902868,8.591442,9.431183,523,4979,409260,
trace_C_lbd_ema_mp1,interval,189.492000,1880000,16160491,720086541,17748,383.024756,8.596006,9.440426,456,1518,429260,
trace_C_lbd_ema_mp1,interval,191.943000,1900000,16338935,727082994,17951,382.675260,8.599439,9.447895,558,6786,449260,
trace_C_lbd_ema_mp1,interval,194.374000,1920000,16498776,734182502,18133,382.386720,8.593113,9.444271,626,11307,469260,
trace_C_lbd_ema_mp1,interval,197.330000,1940000,16669403,741994887,18325,382.471591,8.592476,9.445876,613,9161,489260,
trace_C_lbd_ema_mp1,interval,199.706000,1960000,16804473,748527288,18468,381.901678,8.573711,9.422449,611,8576,509260,
trace_C_lbd_ema_mp1,interval,202.937000,1980000,17003941,756546855,18698,382.094371,8.587849,9.443434,634,7069,529260,
trace_C_lbd_ema_mp1,interval,206.101000,2000000,17167702,764191210,18875,382.095605,8.583851,9.437500,554,6357,549260,
trace_C_lbd_ema_mp1,interval,209.367000,2020000,17346634,771243974,19079,381.803948,8.587443,9.445050,523,5596,569260,
trace_C_lbd_ema_mp1,interval,212.311000,2040000,17486695,777449489,19232,381.102691,8.571909,9.427451,509,6343,589260,
trace_C_lbd_ema_mp1,interval,216.012000,2060000,17685055,785453516,19466,381.288115,8.584978,9.449515,536,6839,609260,
trace_C_lbd_ema_mp1,interval,218.794000,2080000,17819347,792049197,19605,380.792883,8.566994,9.425481,562,8987,24010,
trace_C_lbd_ema_mp1,interval,220.178000,2100000,18008029,801564257,19808,381.697265,8.575252,9.432381,638,6979,44010,
trace_C_lbd_ema_mp1,interval,221.219000,2120000,18158316,808347112,19963,381.295808,8.565243,9.416509,529,3444,64010,
trace_C_lbd_ema_mp1,interval,222.460000,2140000,18317973,815170751,20141,380.920912,8.559800,9.411682,557,5478,84010,
trace_C_lbd_ema_mp1,interval,223.911000,2160000,18480338,822868373,20315,380.957580,8.555712,9.405093,605,11173,104010,
trace_C_lbd_ema_mp1,interval,225.608000,2180000,18663297,831059165,20509,381.219800,8.561145,9.407798,556,5573,124010,
trace_C_lbd_ema_mp1,interval,227.240000,2200000,18825628,838675435,20689,381.216107,8.557104,9.404091,615,7821,144010,
trace_C_lbd_ema_mp1,interval,228.885000,2220000,18984486,846001657,20861,381.081827,8.551570,9.396847,605,6470,164010,
trace_C_lbd_ema_mp1,interval,230.514000,2240000,19153382,853484358,21043,381.019803,8.550617,9.394196,614,7468,184010,
trace_C_lbd_ema_mp1,interval,232.502000,2260000,19349373,861663557,21262,381.267061,8.561669,9.407965,566,6310,204010,
trace_C_lbd_ema_mp1,interval,234.805000,2280000,19523305,869575508,21456,381.392767,8.562853,9.410526,638,5011,224010,
trace_C_lbd_ema_mp1,interval,237.474000,2300000,19712701,878070272,21663,381.769683,8.570740,9.418696,625,6669,244010,
trace_C_lbd_ema_mp1,interval,239.866000,2320000,19876266,885468840,21844,381.667603,8.567356,9.415517,577,6337,264010,
trace_C_lbd_ema_mp1,interval,242.780000,2340000,20083210,894252267,22073,382.159088,8.582568,9.432906,558,8370,284010,
trace_C_lbd_ema_mp1,interval,245.340000,2360000,20259146,901769111,22267,382.105556,8.584384,9.435169,587,6781,304010,
trace_C_lbd_ema_mp1,interval,247.571000,2380000,20380019,908276556,22394,381.628805,8.563033,9.409244,575,5835,324010,
trace_C_lbd_ema_mp1,interval,250.273000,2400000,20548118,915583166,22582,381.492986,8.561716,9.409167,597,8071,344010,
trace_C_lbd_ema_mp1,interval,253.005000,2420000,20734731,923377646,22792,381.561011,8.568071,9.418182,604,6798,364010,
trace_C_lbd_ema_mp1,interval,256.273000,2440000,20904095,931841187,22978,381.902126,8.567252,9.417213,513,5265,384010,
trace_C_lbd_ema_mp1,interval,259.052000,2460000,21068732,938779269,23156,381.617589,8.564525,9.413008,628,7498,404010,
trace_C_lbd_ema_mp1,interval,261.594000,2480000,21226439,945409328,23333,381.213439,8.559048,9.408468,558,5839,424010,
trace_C_lbd_ema_mp1,interval,264.977000,2500000,21420898,953005315,23559,381.202126,8.568359,9.423600,556,6547,444010,
trace_C_lbd_ema_mp1,interval,267.786000,2520000,21586531,959392299,23748,380.711230,8.566084,9.423810,612,12282,464010,
trace_C_lbd_ema_mp1,interval,270.678000,2540000,21742117,966198402,23924,380.393072,8.559889,9.418898,235,915,484010,
trace_C_lbd_ema_mp1,interval,273.554000,2560000,21924087,973304909,24137,380.197230,8.564096,9.428516,575,9711,504010,
trace_C_lbd_ema_mp1,interval,276.651000,2580000,22089206,980615228,24322,380.083422,8.561708,9.427132,445,2640,524010,
trace_C_lbd_ema_mp1,interval,280.197000,2600000,22267181,988175712,24519,380.067582,8.564300,9.430385,584,7430,544010,
trace_C_lbd_ema_mp1,interval,282.586000,2620000,22407028,993807703,24674,379.315917,8.552301,9.417557,486,3231,564010,
trace_C_lbd_ema_mp1,interval,285.584000,2640000,22572597,1000155368,24865,378.846730,8.550226,9.418561,590,5808,584010,
trace_C_lbd_ema_mp1,interval,289.033000,2660000,22766007,1008046523,25081,378.964858,8.558649,9.428947,649,7163,604010,
trace_C_lbd_ema_mp1,interval,292.110000,2680000,22910129,1014621646,25241,378.590166,8.548556,9.418284,534,6215,624010,
trace_C_lbd_ema_mp1,final,294.767301,2693793,23048477,1019972615,25400,378.638082,8.556143,9.429084,,,637804,UNKNOWN
